group_id,pool,label,src_class,n_files,path
0,C,moderate,high,2,data/images/train/high/image1018_jpg.rf.a5e83d6bf462e304d69ec86bfd1caa22.jpg
0,C,moderate,high,2,data/images/train/high/image704_jpg.rf.c8b88c116ccab347c6186b3805cada1d.jpg
1,C,moderate,high,1,data/images/train/high/image101_jpg.rf.71905c37d7409efd7b6fb3619023e2e1.jpg
2,C,moderate,high,1,data/images/train/high/image1023_jpg.rf.759e296d3a790c9bfc37973f12199e96.jpg
3,C,moderate,high,1,data/images/train/high/image1033-2-_jpg.rf.941f3c6d45d32c98f8f001942d682cff.jpg
4,C,high,high,1,data/images/train/high/image1033_jpg.rf.ad8ac1bba89237f1b4278b0b3851c8b9.jpg
5,C,high,high,2,data/images/train/high/image1035_jpg.rf.d9ed93af9c3f55043d37d88c196f9f45.jpg
5,C,high,high,2,data/images/train/high/image1695_jpg.rf.c43db6c5a1add3d402ad5021940b12dd.jpg
6,C,high,high,2,data/images/train/high/image1040_jpg.rf.f8a73085b1f3224fcf5ee70f9d13a2cb.jpg
6,C,high,high,2,data/images/train/high/image2047_jpg.rf.277c045175539c2aa64405babc2e8b1a.jpg
7,C,junk,high,1,data/images/train/high/image1041_jpg.rf.fd1f976c468bb10331a01f10104fdaf5.jpg
8,C,high,high,1,data/images/train/high/image1043_jpg.rf.5203416b343879cee31c7a572c112b49.jpg
9,C,high,high,1,data/images/train/high/image1064_jpg.rf.511841bff6714cb4fa77f4aa6488fe55.jpg
10,C,moderate,high,1,data/images/train/high/image1086_jpg.rf.c5c7db048f981da23a01cf3c71baf497.jpg
11,C,moderate,high,1,data/images/train/high/image1089_jpg.rf.dddb0f91fee8f94476c5fe78b4c3e6ed.jpg
12,C,moderate,high,1,data/images/train/high/image108_jpg.rf.0524e2d7f86f725c767d79eed9e30354.jpg
13,C,high,high,1,data/images/train/high/image1092_jpg.rf.c5324cd15bfcfa7e8f088598773b4221.jpg
14,C,high,high,1,data/images/train/high/image1094_jpg.rf.d650a15977c9ac6b8c111529303cf7b8.jpg
15,C,moderate,high,1,data/images/train/high/image1096_jpg.rf.774266c2629a0a076a5c8f6df9bcd1a6.jpg
16,C,high,high,1,data/images/train/high/image1098_jpg.rf.7cf1d4866cbf04f00c2c54c27e2521b9.jpg
17,C,high,high,1,data/images/train/high/image1106_jpg.rf.568b70b82d06f6ed715798fa1219b142.jpg
18,C,high,high,1,data/images/train/high/image1108_jpg.rf.0ecf20593935038c1a0b7539c7778683.jpg
19,C,moderate,high,1,data/images/train/high/image110_jpg.rf.d0c094022cdf08ffe387cce62adc330c.jpg
20,C,moderate,high,1,data/images/train/high/image1116_jpg.rf.d9740cdeb9363af75d1ee00fe9ba212d.jpg
21,C,moderate,high,1,data/images/train/high/image1118_jpg.rf.5d426514d5dc23802f150745b00725b3.jpg
22,C,moderate,high,1,data/images/train/high/image1121_jpg.rf.91317586ef1fb9d904e065a754a2403a.jpg
23,C,high,high,1,data/images/train/high/image1123_jpg.rf.e35a76a83eaef5de8f66fababd94716d.jpg
24,C,moderate,high,1,data/images/train/high/image1128_jpg.rf.036d243605f1bb5245f2364089da904c.jpg
25,C,high,high,1,data/images/train/high/image1133_jpg.rf.e39e49ce825db60cd464c5a4ebedb058.jpg
26,C,moderate,high,1,data/images/train/high/image1135_jpg.rf.e69900f926b1c39c3542ad569609b7ed.jpg
27,C,moderate,high,1,data/images/train/high/image1136_jpg.rf.d40e7e8ddb9067e0fd1329209cd9535b.jpg
28,C,moderate,high,1,data/images/train/high/image1137_jpg.rf.c5fa887d62c04ce73318b1477776c49e.jpg
29,C,high,high,2,data/images/train/high/image1139_jpg.rf.2075dae7232f74c2547d938789eb3d50.jpg
29,C,high,high,2,data/images/train/high/image1991_jpg.rf.98a1a6a729039dc0e489ebce7b08ef68.jpg
30,C,high,high,1,data/images/train/high/image113_jpg.rf.791162a3b6b980306ae98aa6a011f6e3.jpg
31,C,high,high,1,data/images/train/high/image1140_jpg.rf.2a4d8e95f6cc8b8e02c1df3598061bf4.jpg
32,C,high,high,1,data/images/train/high/image1157_jpg.rf.97d7fa13898e92f999b5aaf0a2e2e798.jpg
33,C,moderate,high,1,data/images/train/high/image1171_jpg.rf.57fcb2563cc7b4965fce1b5b8c0a9b47.jpg
34,C,high,high,1,data/images/train/high/image1172_jpg.rf.60b58d6ca0a08cbf2487c9578ab275f6.jpg
35,C,moderate,high,1,data/images/train/high/image1173_jpg.rf.a3027ad94b8a6f1bd0acc695482cc976.jpg
36,C,moderate,high,1,data/images/train/high/image1174_jpg.rf.a10b15799ed6ef45e605d9d73beeac15.jpg
37,C,high,high,1,data/images/train/high/image117_jpg.rf.63a12845f6a3511d22cc3bcae16efdf0.jpg
38,C,moderate,high,2,data/images/train/high/image1181_jpg.rf.9bfa57b17ef6822b3f342dea3017f595.jpg
38,C,moderate,high,2,data/images/train/high/image1325_jpg.rf.bb2b59d0ef4cf4391b9dc803090dc9fc.jpg
39,C,high,high,1,data/images/train/high/image1184_jpg.rf.85771e1c89a1f89c19ee28054ac83fda.jpg
40,C,moderate,high,1,data/images/train/high/image1185_jpg.rf.7389699e1373d2f854868057b4bed4f1.jpg
42,C,high,high,1,data/images/train/high/image1202_jpg.rf.a8326bb1c2d22a5aad4090367c5934f1.jpg
43,C,high,high,1,data/images/train/high/image1204_jpg.rf.1abeb584abd5970b4e96b3af3b8741f6.jpg
44,C,junk,high,1,data/images/train/high/image120_jpg.rf.50ffd14c5523d52990fba8065ef30a98.jpg
45,C,moderate,high,1,data/images/train/high/image1211_jpg.rf.88a8be910be6812bc73fbaf88762e6da.jpg
46,C,junk,high,1,data/images/train/high/image1212_jpg.rf.2d916a689862e21da70bf5e5ca11688a.jpg
47,C,high,high,1,data/images/train/high/image1215_jpg.rf.665ffd2655bc62988fc2446a84174c6e.jpg
48,C,junk,high,1,data/images/train/high/image1218_jpg.rf.a3ee60a5c0e755f505ce6a2d3565ef4a.jpg
49,C,moderate,high,1,data/images/train/high/image121_jpg.rf.6147d54dcec4a92879e4a8100faece21.jpg
50,C,high,high,1,data/images/train/high/image1224_jpg.rf.77ddfa318b0d3c255552205c9a8934a6.jpg
51,C,moderate,high,1,data/images/train/high/image1227_jpg.rf.26aa6014478816b6b52b76a55b2d2c4e.jpg
52,C,moderate,high,1,data/images/train/high/image1232_jpg.rf.c131155020b7d41fd7299c087362a713.jpg
53,C,high,high,1,data/images/train/high/image123_jpg.rf.0ea5f56b228f227a760a63977e48fa60.jpg
54,C,moderate,high,1,data/images/train/high/image1240_jpg.rf.bd75cc90d0a41ce0edb5f8f6e4f6c7dc.jpg
55,C,junk,high,1,data/images/train/high/image1241_jpg.rf.830c5ad96673fc4a227c4004055a1720.jpg
56,C,moderate,high,1,data/images/train/high/image1243_jpg.rf.87c985fb3ff2f2cbdf3c269c262f8807.jpg
57,C,moderate,high,1,data/images/train/high/image1244_jpg.rf.ec87846e055a133ec09a0005cd008536.jpg
58,C,moderate,high,1,data/images/train/high/image1247_jpg.rf.54e50263b12ccf8e50c35fde00a03576.jpg
59,C,high,high,1,data/images/train/high/image1249_jpg.rf.576afb1b141d7cd75105e36746f222b5.jpg
60,C,low,high,1,data/images/train/high/image1250_jpg.rf.d90d60c835e1ff7d677c307f0e21345b.jpg
61,C,moderate,high,1,data/images/train/high/image1255_jpg.rf.5a8da04c8a9fbfa24cd4824d206addf2.jpg
62,C,high,high,1,data/images/train/high/image1258_jpg.rf.a9e4b7ae70fa7aaeb99a2593dc4d9896.jpg
63,C,high,high,1,data/images/train/high/image1260_jpg.rf.9aa62c9658c0b8b49e1bc850a169da0a.jpg
64,C,moderate,high,1,data/images/train/high/image1263_jpg.rf.12d47f7ee4fdd57d236848ca1f720236.jpg
65,C,high,high,1,data/images/train/high/image1268_jpg.rf.2a828b8be54fc62fbe3ee1d283c4a290.jpg
66,C,low,high,1,data/images/train/high/image1273_jpg.rf.d403662f668dcaba5140e54bd2a7a8c0.jpg
67,C,junk,high,1,data/images/train/high/image1274_jpg.rf.2415707ae42bc0509e8683e66d94313d.jpg
68,C,moderate,high,1,data/images/train/high/image1275_jpg.rf.c28b5d9fb93cbf1188dd98a88657abe2.jpg
69,C,junk,high,1,data/images/train/high/image1276-2-_jpg.rf.57c3d2c182dd5eca303f5e5fd022bb2e.jpg
70,C,moderate,high,1,data/images/train/high/image1276_jpg.rf.8e295d343effd141867373565e9c95e0.jpg
71,C,high,high,1,data/images/train/high/image1277-2-_jpg.rf.c70f626cd22e892701226933b421ff4d.jpg
72,C,moderate,high,1,data/images/train/high/image1277_jpg.rf.bea39e2b67a23e01e4a6e04680ddae6e.jpg
73,C,junk,high,1,data/images/train/high/image1299_jpg.rf.56dd047b75918f724619d9bfd8263376.jpg
74,C,moderate,high,1,data/images/train/high/image1300_jpg.rf.64a37fdfea5ee179e9e81c588eb8f0d2.jpg
75,C,moderate,high,1,data/images/train/high/image1301_jpg.rf.a27c050420d7f7b97693e83f0f32b61f.jpg
76,C,moderate,high,1,data/images/train/high/image1312_jpg.rf.8cda778a9b007afb540bca5e3014ccec.jpg
77,C,high,high,1,data/images/train/high/image1316_jpg.rf.23a6a962e44d9d106f7299c19c4b5e18.jpg
78,C,moderate,high,1,data/images/train/high/image1319_jpg.rf.2a75d7e128d8f8507be080cff1b5c80e.jpg
79,C,high,high,1,data/images/train/high/image1320_jpg.rf.47d6eba6d7e4a1be334a0a4bdc6b684c.jpg
80,C,high,high,2,data/images/train/high/image1322_jpg.rf.ece6967c5630ba7a384068be7a64532d.jpg
80,C,high,high,2,data/images/train/high/image2033_jpg.rf.144bd154c35ff5e61b3d2b370f3e72de.jpg
81,C,high,high,1,data/images/train/high/image1326_jpg.rf.6a758bb3154790a3327c555b9f3c87a2.jpg
82,C,junk,high,1,data/images/train/high/image1332_jpg.rf.f9a1d2126e8645cb44baa2d3334e24cb.jpg
83,C,high,high,1,data/images/train/high/image1334_jpg.rf.3a8775dcc3274941ca189cf9feec1098.jpg
84,C,moderate,high,1,data/images/train/high/image1337_jpg.rf.94fa2bca8aebf7a2c49b67a538938210.jpg
85,C,junk,high,1,data/images/train/high/image1338_jpg.rf.ccc6bb20b45a641b6b6ca806fabe4a65.jpg
86,C,moderate,high,1,data/images/train/high/image1349_jpg.rf.054306a8d14e4b114ff764c42749e54e.jpg
87,C,moderate,high,1,data/images/train/high/image1351_jpg.rf.0ca9e87584a77c7a7f28e7cb0581b559.jpg
88,C,moderate,high,1,data/images/train/high/image1354_jpg.rf.c99a99cbef5ccc1e1cc434931b9c198b.jpg
89,C,moderate,high,1,data/images/train/high/image1355_jpg.rf.658b1d5cd67323a31d0076affc604b0e.jpg
90,C,moderate,high,1,data/images/train/high/image1358_jpg.rf.78d34c7ba82fba2ba04434d91d10d68f.jpg
91,C,moderate,high,1,data/images/train/high/image135_jpg.rf.83de4f8fa6b4d931077e69f44b1d40e4.jpg
92,C,moderate,high,1,data/images/train/high/image1360_jpg.rf.2f4fd013f86d8eac54be5a07b4727f7b.jpg
93,C,high,high,1,data/images/train/high/image1366-2-_jpg.rf.6d7da90b626c806d5998bdc84f20e998.jpg
94,C,junk,high,1,data/images/train/high/image1366_jpg.rf.53d372cb917e91914338a66ecb3eee0d.jpg
95,C,moderate,high,1,data/images/train/high/image1369_jpg.rf.19c07a89c3ffc575f146afb4f55dfc3b.jpg
96,C,moderate,high,1,data/images/train/high/image1374_jpg.rf.916590fc5d9c4591cac92c7d93c0f0c6.jpg
97,C,moderate,high,1,data/images/train/high/image1375_jpg.rf.e75f51aa0f12ada69c900b7a428a4e02.jpg
98,C,high,high,1,data/images/train/high/image137_jpg.rf.6b653f41afbe3d515cf83332cd7fdd01.jpg
99,C,moderate,high,1,data/images/train/high/image1383-2-_jpg.rf.4a6d97de31432a55cce70a34d697a8d3.jpg
100,C,moderate,high,1,data/images/train/high/image1383_jpg.rf.66b9541d39728c00032fba62a689f0e1.jpg
101,C,high,high,1,data/images/train/high/image1387_jpg.rf.2d7b2a77dfd7a385e0cdf80977b5c642.jpg
102,C,moderate,high,1,data/images/train/high/image1393_jpg.rf.2a28ea3ff4a3274c35a376ee976c65d4.jpg
103,C,high,high,1,data/images/train/high/image1395_jpg.rf.cb9a4225376da06619a09e57310e6afc.jpg
104,C,high,high,1,data/images/train/high/image1401_jpg.rf.cf27e276a78a2fc7b4a56aa88a308034.jpg
105,C,high,high,1,data/images/train/high/image1404_jpg.rf.8ed2c8d848d1b3b010fb4f817f7c8b17.jpg
106,C,high,high,1,data/images/train/high/image140_jpg.rf.3ddd5117c0fe0e007b4a6f2bb7825cb9.jpg
107,C,moderate,high,1,data/images/train/high/image1410_jpg.rf.c4138515f50b8c50a71c5f87f4ccec8e.jpg
108,C,junk,high,1,data/images/train/high/image1417_jpg.rf.b9a4d31bdbb67eda0053c88fd716fbad.jpg
109,C,moderate,high,1,data/images/train/high/image1418_jpg.rf.f46ff4c6fbbfbfcc93efb399a3a6a9fe.jpg
110,C,moderate,high,1,data/images/train/high/image1421_jpg.rf.28de76ba36af5e912177e6a8918c765f.jpg
111,C,junk,high,1,data/images/train/high/image1422_jpg.rf.8a42c2ba7a15183e388da05f060ead0b.jpg
112,C,junk,high,1,data/images/train/high/image1425_jpg.rf.6a559d1a5f7d4771b592bbe81bcd5a87.jpg
113,C,high,high,1,data/images/train/high/image143_jpg.rf.7ccfa762790d2ef11e7877bae68e7ab0.jpg
114,C,high,high,1,data/images/train/high/image1441_jpg.rf.9b463877b7dbc9e25676ce8129f34e57.jpg
115,C,moderate,high,1,data/images/train/high/image1445_jpg.rf.bdb00b03c2956b8d60eea485c478435c.jpg
116,C,high,high,1,data/images/train/high/image1450-2-_jpg.rf.3aab1fd16f5ff5fd8448f688100cbdfb.jpg
117,C,junk,high,1,data/images/train/high/image1450_jpg.rf.34c3ed60142d1d3f2a29cf8c514a878e.jpg
118,C,high,high,1,data/images/train/high/image1451_jpg.rf.4f328dcecb3806a19b6418326944d22f.jpg
119,C,moderate,high,1,data/images/train/high/image145_jpg.rf.0fd38b0c5fa4ba9f7df9b8be3e4706a5.jpg
120,C,high,high,1,data/images/train/high/image1462_jpg.rf.8207ff35f9d635796cb8c034d1be337a.jpg
121,C,junk,high,1,data/images/train/high/image1464_jpg.rf.da4ced585cbf1bfb42ba18915320c78c.jpg
122,C,junk,high,1,data/images/train/high/image1469_jpg.rf.af08fff2c643cf8c5c07d1781e8d8a61.jpg
123,C,moderate,high,1,data/images/train/high/image1470_jpg.rf.6088f46b9da1e4b2c3c48f7bc614412c.jpg
124,C,moderate,high,1,data/images/train/high/image1471-2-_jpg.rf.af197db76be0bbe90277c6b25638a112.jpg
125,C,moderate,high,1,data/images/train/high/image1471_jpg.rf.20486654223a7ec7e712ce1a4bfd187c.jpg
126,C,moderate,high,1,data/images/train/high/image1472_jpg.rf.e462e292b530ed1cb63888dbf1eaf5df.jpg
127,C,moderate,high,1,data/images/train/high/image1474_jpg.rf.f9c2b2b37025f555ecb4a18b24edbb70.jpg
128,C,moderate,high,1,data/images/train/high/image1495_jpg.rf.78916bb4bdc07f7fa26f4e714e539e32.jpg
130,C,junk,high,1,data/images/train/high/image1512_jpg.rf.f6272fae3a3e42ec3069976da270390f.jpg
131,C,junk,high,1,data/images/train/high/image1515_jpg.rf.85913b25cb43926dd3dd095b1861abc2.jpg
132,C,junk,high,2,data/images/train/high/image1517_jpg.rf.04dc9fcc763b3f8bacc842238b86cd2a.jpg
132,C,junk,high,2,data/images/train/high/image2080_jpg.rf.5979fed64176742de9c3cb34fa93779b.jpg
133,C,moderate,high,1,data/images/train/high/image151_jpg.rf.f901b3145fe500e9fc329dd91da9246f.jpg
134,C,high,high,1,data/images/train/high/image1523_jpg.rf.68e8d8b730bd0c3ad1c47c26b27cd5cf.jpg
135,C,low,high,1,data/images/train/high/image1526_jpg.rf.3b0a926830bc8d16ee2e38a67c5dff40.jpg
136,C,moderate,high,1,data/images/train/high/image1530_jpg.rf.1273cf37d51fc27060bfe31f7955ee90.jpg
137,C,moderate,high,1,data/images/train/high/image1536_jpg.rf.c8af580971f84de9560f340136540ce0.jpg
138,C,moderate,high,1,data/images/train/high/image1555_jpg.rf.e3bd502559f478a3c5865eb26ac2cb3b.jpg
139,C,moderate,high,1,data/images/train/high/image1557_jpg.rf.b5667199fb954ac47cc1829a54b31c61.jpg
140,C,moderate,high,1,data/images/train/high/image1558_jpg.rf.c3c4e1fb887f12d5bf527e1b4568e0bd.jpg
141,C,junk,high,2,data/images/train/high/image1561_jpg.rf.e0da48db7bb3aeeeb9b2680f216f55bc.jpg
141,C,junk,high,2,data/images/train/high/image1688_jpg.rf.0470d4dca88269483f881df894c6b4ea.jpg
142,C,junk,high,1,data/images/train/high/image156_jpg.rf.6b9b65c5cf884bf334d1a8bb8779c672.jpg
143,C,moderate,high,1,data/images/train/high/image1575_jpg.rf.0cbb7f1201016192fb7d008d288961da.jpg
144,C,moderate,high,1,data/images/train/high/image1580_jpg.rf.00a23367fd151a0a886782e51be78344.jpg
145,C,moderate,high,1,data/images/train/high/image1597_jpg.rf.0b04d1f3d9d1dd81ce5c3c1cf17ed48d.jpg
146,C,moderate,high,1,data/images/train/high/image1606_jpg.rf.b04b83841641c4c7ccc1523e78a8d2f1.jpg
147,C,moderate,high,1,data/images/train/high/image1612_jpg.rf.5330764490252aeaa4f9d87aefd386ea.jpg
148,C,moderate,high,1,data/images/train/high/image1613_jpg.rf.b59d1a2ee8ec9e6b387849d4158446b1.jpg
149,C,moderate,high,1,data/images/train/high/image1614_jpg.rf.783f3e6c6b3ce1743523363f59f505fa.jpg
150,C,high,high,1,data/images/train/high/image1622_jpg.rf.25e28e217073b2ec1b4ec292ceefead1.jpg
151,C,moderate,high,1,data/images/train/high/image1623_jpg.rf.436acb4d7201dbd885ed63e94c1e24e0.jpg
152,C,high,high,1,data/images/train/high/image1632_jpg.rf.109dcc89d1b979acd5adc3716afc9617.jpg
153,C,moderate,high,1,data/images/train/high/image1636_jpg.rf.3cb1a796351d6700a72a02fe11fea442.jpg
154,C,moderate,high,1,data/images/train/high/image1649_jpg.rf.abba743dcd4e04f580362bbac2a82fee.jpg
155,C,junk,high,1,data/images/train/high/image1654_jpg.rf.bb92497857511f59cf5277fc390fd53f.jpg
156,C,high,high,2,data/images/train/high/image1655_jpg.rf.2d83ef4daeb584b4963ed05813de13bf.jpg
156,C,high,high,2,data/images/train/high/image634_jpg.rf.ba427699283bfa7c4e262a34637af3dc.jpg
157,C,moderate,high,1,data/images/train/high/image1658_jpg.rf.0c23d6ea367193b2ba5d3d32aef81e75.jpg
158,C,high,high,1,data/images/train/high/image1660_jpg.rf.14a40f952c1c30d260b33e80b67865f0.jpg
159,C,high,high,1,data/images/train/high/image1675_jpg.rf.c2748a0d6854d2cca5c7cd10f7ea81a0.jpg
160,C,high,high,1,data/images/train/high/image167_jpg.rf.49ae19d9870231a85dcdec5b5e582359.jpg
161,C,high,high,1,data/images/train/high/image1691_jpg.rf.07b657f830cc5fe139e7d7c4ca531c4e.jpg
162,C,moderate,high,1,data/images/train/high/image1694_jpg.rf.f3bb49010be16d2af9f65b439c5e90dd.jpg
163,C,moderate,high,1,data/images/train/high/image1695-2-_jpg.rf.7facce564149823518ddcc0076aaab0c.jpg
164,C,moderate,high,1,data/images/train/high/image1697_jpg.rf.f0b69eac2f9f7331943fe628bd3e7fcb.jpg
165,C,high,high,1,data/images/train/high/image1700_jpg.rf.e43b0d28b6ef773e21209fedb3778b1f.jpg
166,C,moderate,high,1,data/images/train/high/image1706_jpg.rf.7f625340837209a44667f5018186e29b.jpg
167,C,moderate,high,1,data/images/train/high/image1734_jpg.rf.3247905d32343afc5d5e63aac57a5c30.jpg
168,C,low,high,1,data/images/train/high/image173_jpg.rf.f7a664db1f38f819d93e0d68ed6bd2ba.jpg
169,C,moderate,high,1,data/images/train/high/image1747_jpg.rf.4f533df1722c50a12df9f6a140ac8691.jpg
170,C,junk,high,1,data/images/train/high/image1757_jpg.rf.bcb7ebfa7d46fb16ba0c517e8c43dcb8.jpg
171,C,moderate,high,1,data/images/train/high/image175_jpg.rf.aec4bfcaff933950cdb6540e824eae7e.jpg
172,C,moderate,high,1,data/images/train/high/image1760_jpg.rf.741fe77adb4c12d431e348fdc769677f.jpg
173,C,moderate,high,1,data/images/train/high/image1764_jpg.rf.2121c756e2ba2ad43509a0bba2e279f7.jpg
174,C,moderate,high,1,data/images/train/high/image1766_jpg.rf.ab901175b08a4c674dff761cc1ccdbaa.jpg
175,C,moderate,high,1,data/images/train/high/image176_jpg.rf.8c37889317fff2e5909e0e4a838a2ab1.jpg
176,C,high,high,2,data/images/train/high/image1775_jpg.rf.989d604a2d62f80b69d5982937ed425a.jpg
176,C,high,high,2,data/images/train/high/image2441_jpg.rf.eddd5e1d3cf469fdca806b979ae0c4b1.jpg
177,C,moderate,high,1,data/images/train/high/image1779_jpg.rf.7de5385b50fe348fb1116449301378b8.jpg
178,C,high,high,1,data/images/train/high/image1783_jpg.rf.60afa63b6dda6efbed3293c7102e78c0.jpg
179,C,moderate,high,1,data/images/train/high/image1784_jpg.rf.e69ff8aebd24e20387db8e9ebed78eda.jpg
180,C,moderate,high,1,data/images/train/high/image1785_jpg.rf.5c85833e643222b12ce475cc7cbf94a3.jpg
181,C,moderate,high,1,data/images/train/high/image1786_jpg.rf.057b866b24cbbfb42e63c102cc79138e.jpg
182,C,moderate,high,1,data/images/train/high/image1788_jpg.rf.56f53cc02edd828aa4c5e7ce38262c41.jpg
183,C,moderate,high,1,data/images/train/high/image1794_jpg.rf.03517f1be66dd09a8dd489f6c3bd18cd.jpg
184,C,high,high,1,data/images/train/high/image1807_jpg.rf.9fea5d958aebb080a0a50ecd03cc9db2.jpg
185,C,high,high,1,data/images/train/high/image1813_jpg.rf.349395c5305531f0cc1a9687abf2bc32.jpg
186,C,high,high,1,data/images/train/high/image181_jpg.rf.17f3036e2c6a1e89fca301666a049557.jpg
187,C,moderate,high,1,data/images/train/high/image1822_jpg.rf.804ce9858379734afebac6dbf781a198.jpg
188,C,junk,high,1,data/images/train/high/image1828_jpg.rf.9a5ffde64f65e082a23af95446bddd67.jpg
189,C,high,high,1,data/images/train/high/image1829_jpg.rf.72a5c507d66ab49d1052f9b6b79f28d5.jpg
190,C,high,high,1,data/images/train/high/image183_jpg.rf.8d9745603d22fcdbd2a042ba6ab2c858.jpg
191,C,high,high,1,data/images/train/high/image184_jpg.rf.b7c94b97868a5897bebb8b7cbb7feb70.jpg
192,C,high,high,1,data/images/train/high/image1866_jpg.rf.5033ce54bfc813a5f92fb3d74f8a18d7.jpg
193,C,junk,high,2,data/images/train/high/image1869_jpg.rf.ba3399a94a87af543e5a277cd8b82b57.jpg
193,C,junk,high,2,data/images/train/high/image49_jpg.rf.5f76c6f2c2c002ac2f01497ec7702da0.jpg
194,C,high,high,1,data/images/train/high/image1875_jpg.rf.5b1bfe12bb5ef5b6b5f9f608712d3781.jpg
195,C,moderate,high,1,data/images/train/high/image1877_jpg.rf.d232acf41e3f19196a265172e750d398.jpg
196,C,junk,high,1,data/images/train/high/image1882_jpg.rf.85a814c16fbaad0d7fdea06518a56d76.jpg
197,C,high,high,1,data/images/train/high/image1897_jpg.rf.44ee17a1df7d77d800e578ccae5735ed.jpg
198,C,high,high,1,data/images/train/high/image18_jpg.rf.4388cd51c5dbee3d9705e76cc4d2a9b5.jpg
199,C,high,high,1,data/images/train/high/image1901_jpg.rf.1e495880be805bca372c90a628354b8e.jpg
200,C,high,high,1,data/images/train/high/image1907_jpg.rf.b33370c826f58407f151cd2488d4875c.jpg
202,C,high,high,1,data/images/train/high/image1922_jpg.rf.9bfd55f22c30ce06cf017756a40e7559.jpg
203,C,low,high,2,data/images/train/high/image1923_jpg.rf.4570cc085aee8a34e0bdf7ec9bfc8590.jpg
203,C,low,high,2,data/images/train/high/image798_jpg.rf.153e0cd3441737fe2b12e7d45b155bfd.jpg
204,C,junk,high,2,data/images/train/high/image1934_jpg.rf.4725c7cc8ca785197e557e10b4ea9648.jpg
204,C,junk,high,2,data/images/train/high/image99_jpg.rf.8652efeceb42b30d2e0920e6f903524d.jpg
205,C,high,high,2,data/images/train/high/image1935_jpg.rf.67fe1e13fd692b08110c46e8045c5968.jpg
205,C,high,high,2,data/images/train/high/image854_jpg.rf.583996353221f8c1053511aa1b19ebe1.jpg
206,C,junk,high,1,data/images/train/high/image1964_jpg.rf.916b07ba7cfabd2cd406f09e088a72d9.jpg
207,C,high,high,1,data/images/train/high/image196_jpg.rf.e7586a52430ee66ef48f46a8b46d2065.jpg
209,C,junk,high,2,data/images/train/high/image1986_jpg.rf.38cedfdb2d9da52871830ce979bd0e2c.jpg
209,C,junk,high,2,data/images/train/high/image944-2-_jpg.rf.d4d65d57059204417bec81917622cef7.jpg
210,C,high,high,1,data/images/train/high/image198_jpg.rf.1b8280a7be93be47d27ca12139e8cb3e.jpg
212,C,junk,high,1,data/images/train/high/image2025_jpg.rf.bfd684f5cc9dc456acf2f40ad0650afe.jpg
213,C,junk,high,1,data/images/train/high/image2032_jpg.rf.217bdcdf835ef51a3f7191e018af62e8.jpg
214,C,high,high,1,data/images/train/high/image2079_jpg.rf.cbd042999ab0cc062aad531daa4a26fd.jpg
215,C,junk,high,1,data/images/train/high/image2111_jpg.rf.840a844451b7f997e1c33b650afeae4e.jpg
216,C,high,high,1,data/images/train/high/image2130_jpg.rf.cbd2d37860d8d17a8b759d931e4cc8c5.jpg
217,C,high,high,1,data/images/train/high/image2135_jpg.rf.ec544cf0457bd12a5d04a3da08cbf5fe.jpg
218,C,high,high,1,data/images/train/high/image2137_jpg.rf.352535fe7b648c2a61849af7ba29b8bf.jpg
219,C,high,high,1,data/images/train/high/image2138_jpg.rf.705cb43673c0fc6b373613e8c52945ff.jpg
221,C,moderate,high,1,data/images/train/high/image214_jpg.rf.61879c3857bc7a3637eababc470c9504.jpg
222,C,moderate,high,1,data/images/train/high/image2154_jpg.rf.429262cf23c6097aec953e12a8f9cb87.jpg
223,C,moderate,high,1,data/images/train/high/image2163_jpg.rf.086040ed3497e0119f282079723eb256.jpg
226,C,junk,high,1,data/images/train/high/image2185_jpg.rf.4ae9ebbd3dbc4e154e2fab1e1693162f.jpg
227,C,moderate,high,1,data/images/train/high/image2189_jpg.rf.b0178b0c40cf4ff989a82b69059cedb6.jpg
228,C,junk,high,1,data/images/train/high/image2198_jpg.rf.17af9b06f41c78c0af8e1aad3ea4785d.jpg
229,C,high,high,2,data/images/train/high/image2205_jpg.rf.f23477ffe9afe7d3713fdf803f2bf4da.jpg
229,C,high,high,2,data/images/train/high/image267_jpg.rf.aade4a231ea53c60f6b14b573f4723e9.jpg
230,C,high,high,1,data/images/train/high/image2211_jpg.rf.9fe3513cfbdf39b0d0a243be0038e1ac.jpg
231,C,high,high,1,data/images/train/high/image2214_jpg.rf.dbb5882f7b29d1ad266a07d28c8a4631.jpg
232,C,moderate,high,1,data/images/train/high/image2260_jpg.rf.b3682fca45754771b016412d757eae8d.jpg
233,C,high,high,1,data/images/train/high/image2266_jpg.rf.62ea85d3d3d7616f06d0b8b446382e04.jpg
234,C,moderate,high,1,data/images/train/high/image2270_jpg.rf.1d896791a0a130a363d8c9c48b076b65.jpg
235,C,moderate,high,1,data/images/train/high/image2273_jpg.rf.b21e745492de8753f5a6fb21203f2ff8.jpg
236,C,moderate,high,1,data/images/train/high/image2278_jpg.rf.4a92bddc196e9fa72b71fe6cd2cd86d9.jpg
237,C,moderate,high,1,data/images/train/high/image2279_jpg.rf.54b84b43c5b5bd7a7e062c10c338ef4e.jpg
238,C,high,high,1,data/images/train/high/image2282_jpg.rf.6d197e6015b45317cb25736711e98796.jpg
239,C,high,high,1,data/images/train/high/image2283_jpg.rf.670c4ab44f089a16c09ee9434c265a06.jpg
240,C,high,high,1,data/images/train/high/image2285_jpg.rf.d6aca3441d57276dfc6be1c34b43a31c.jpg
241,C,high,high,1,data/images/train/high/image2289_jpg.rf.9f5796b4a5ac98bad99ce303cf15a190.jpg
242,C,high,high,1,data/images/train/high/image2291_jpg.rf.0b89aedbadf770aba1d958959a33bafa.jpg
243,C,high,high,1,data/images/train/high/image2305_jpg.rf.a18f92e946bca764a9c24269545350a6.jpg
244,C,moderate,high,2,data/images/train/high/image2326_jpg.rf.6419bf1fa52a5b32896b95258347ab11.jpg
244,C,moderate,high,2,data/images/train/high/image344_jpg.rf.3394eb9afa8ec147a531662438d9d555.jpg
245,C,high,high,2,data/images/train/high/image2331_jpg.rf.007c86874baddcd5f8f3f70d2f915172.jpg
245,C,high,high,2,data/images/train/high/image346_jpg.rf.644915b8c29a6bbdf2f3f12aa78c2430.jpg
246,C,moderate,high,1,data/images/train/high/image2333_jpg.rf.7f86f5786888f6f83a1ec4b192cff622.jpg
247,C,moderate,high,1,data/images/train/high/image2336_jpg.rf.7adfc34f1d2801c08a514395b28a555d.jpg
248,C,high,high,1,data/images/train/high/image2337_jpg.rf.ad590d309c09356c4d653c460fca6e27.jpg
249,C,high,high,1,data/images/train/high/image2349_jpg.rf.c87d6841949f91845a98687098437abd.jpg
250,C,moderate,high,1,data/images/train/high/image2351_jpg.rf.b48b36f8e9485ef64b8bfbf77f3c5488.jpg
251,C,high,high,1,data/images/train/high/image2353_jpg.rf.ce0f425515e93e4e08e740ee8129ff71.jpg
252,C,high,high,1,data/images/train/high/image2354_jpg.rf.af3af03724d1df84e4f7fd62c4851a8c.jpg
253,C,moderate,high,1,data/images/train/high/image2356_jpg.rf.2fcff7def86c0b994fefe4aedc552654.jpg
254,C,high,high,1,data/images/train/high/image2368_jpg.rf.88b1cd444abe2df3f007b49309fd0a04.jpg
255,C,high,high,1,data/images/train/high/image2369_jpg.rf.9e1209063af3ade332cc750cf37c1595.jpg
256,C,high,high,1,data/images/train/high/image2376_jpg.rf.af0fef88c8f23cc3117a0d226b5f5bbb.jpg
257,C,junk,high,1,data/images/train/high/image2381_jpg.rf.b7d17635a43448282d13b3385ebfa302.jpg
258,C,high,high,1,data/images/train/high/image2397_jpg.rf.9a886061cf74356b6b13953820e10df0.jpg
259,C,high,high,1,data/images/train/high/image23_jpg.rf.afbfce8a184b033385f248288e02873a.jpg
260,C,junk,high,2,data/images/train/high/image2405_jpg.rf.4efeb8b2228fb3e39e9e654a3e1a2189.jpg
260,C,junk,high,2,data/images/train/high/image390_jpg.rf.cf8902397b22715dbcf08eef6cccc964.jpg
261,C,high,high,1,data/images/train/high/image2406_jpg.rf.08de31d02e4cf35e9f85178c035b5e58.jpg
262,C,high,high,1,data/images/train/high/image2408_jpg.rf.cb0162608ce3ef8c7081774bcc9fb354.jpg
263,C,moderate,high,1,data/images/train/high/image2410_jpg.rf.cddd5949be83b5886e9d873bbe0007cc.jpg
264,C,high,high,1,data/images/train/high/image2416_jpg.rf.b14f4f3a1d751e2efb37494382d6a9e8.jpg
265,C,junk,high,2,data/images/train/high/image2418_jpg.rf.7d11277c5259a3b166a6cfa7c171a26e.jpg
265,C,junk,high,2,data/images/train/high/image399_jpg.rf.ba4d29678fcc6cd0af70066324679ccb.jpg
266,C,high,high,1,data/images/train/high/image2427_jpg.rf.edc220026e9ea342d18347286863cce5.jpg
267,C,high,high,1,data/images/train/high/image2444_jpg.rf.57e82e38150ec2b06164a439f3d7b07f.jpg
268,C,moderate,high,1,data/images/train/high/image244_jpg.rf.958782441628851e805262f4d70b07ac.jpg
269,C,moderate,high,1,data/images/train/high/image2452_jpg.rf.d9557dc8d068c1f172b889d99b47ca82.jpg
270,C,moderate,high,1,data/images/train/high/image2453_jpg.rf.2c7254a3ae0642448d885a61226c9413.jpg
271,C,high,high,2,data/images/train/high/image2454_jpg.rf.fecd6e6884d5df7c4a55696d7a1ea84b.jpg
271,C,high,high,2,data/images/train/high/image420_jpg.rf.16223601e5ea324d146471492bceb995.jpg
272,C,moderate,high,1,data/images/train/high/image2463_jpg.rf.10396add03b2b01de60edd74bb4b5434.jpg
273,C,high,high,1,data/images/train/high/image2471_jpg.rf.686341604a2581e350f869741299c16f.jpg
274,C,high,high,1,data/images/train/high/image2474_jpg.rf.40f20b2d4d21b0e96694d21e43df2a29.jpg
275,C,junk,high,1,data/images/train/high/image2476_jpg.rf.4b3d24d5cce4b53c9810f65064add526.jpg
276,C,junk,high,1,data/images/train/high/image2488_jpg.rf.c1e30be09ab0a4070a5e64715ad4881b.jpg
277,C,moderate,high,1,data/images/train/high/image2493_jpg.rf.d6e77c536a40d1370f3bd2ebdb44c68d.jpg
278,C,high,high,1,data/images/train/high/image2520_jpg.rf.bf1c301091491afea071a844e322b727.jpg
279,C,moderate,high,1,data/images/train/high/image2523_jpg.rf.f678466a3139d1fccf434e2a728a1c5a.jpg
280,C,high,high,1,data/images/train/high/image2535_jpg.rf.a01c4da8d6ae9b91dbbb9775aa24b55f.jpg
281,C,junk,high,1,data/images/train/high/image2547_jpg.rf.0814bce6c618b42e851b31a975b8db6d.jpg
282,C,high,high,1,data/images/train/high/image2549_jpg.rf.c6a091035c802ef242b593de583cc822.jpg
283,C,high,high,1,data/images/train/high/image2555_jpg.rf.cf70125b69728350921e52bc6f08a81f.jpg
284,C,moderate,high,1,data/images/train/high/image257_jpg.rf.58dec6e1f6e73bfd628025ab26dcb20b.jpg
285,C,high,high,1,data/images/train/high/image2582_jpg.rf.c31191fd0a6b5124abc2b00e51085a29.jpg
286,C,high,high,1,data/images/train/high/image258_jpg.rf.bfe0d376638b509663dfbb27d24ebf9a.jpg
287,C,high,high,1,data/images/train/high/image259_jpg.rf.acdb7f33cafef20e4fd2aa313288986f.jpg
288,C,high,high,1,data/images/train/high/image288_jpg.rf.0b4bfda5e35d4813d1235a093f1d0a86.jpg
289,C,moderate,high,1,data/images/train/high/image28_jpg.rf.353434f19b6b46b1a8957911bc60fbd4.jpg
290,C,moderate,high,1,data/images/train/high/image294_jpg.rf.5cfbe044054f37ff75ce86e24d8a415d.jpg
291,C,high,high,1,data/images/train/high/image29_jpg.rf.f72cc10024c77230a65679cdb294f536.jpg
292,C,moderate,high,1,data/images/train/high/image305_jpg.rf.f8c0e3a9728400a0718b2d030a965302.jpg
293,C,moderate,high,1,data/images/train/high/image318_jpg.rf.0eca3be3989ad92549388decd2fdda37.jpg
294,C,high,high,1,data/images/train/high/image331_jpg.rf.09208ae79c777b1baf53a920a1f022ef.jpg
295,C,moderate,high,1,data/images/train/high/image334_jpg.rf.ae8effa1770386623dbb93b44bb0c50c.jpg
296,C,high,high,1,data/images/train/high/image338_jpg.rf.1008815ccfa92b4c205771651a8abb65.jpg
297,C,moderate,high,1,data/images/train/high/image341_jpg.rf.b867fca58335b5a268432fdffcbc0a19.jpg
298,C,high,high,1,data/images/train/high/image350_jpg.rf.e4253659d9a7f483b22747560c7336a7.jpg
299,C,moderate,high,1,data/images/train/high/image353_jpg.rf.fe8c7de30cb5cf1f14f2c169103e0835.jpg
300,C,moderate,high,1,data/images/train/high/image356_jpg.rf.064abf32b894c1576b05e4f6990dad6f.jpg
301,C,moderate,high,1,data/images/train/high/image358_jpg.rf.7c39d38fdbdb93e47cc656bb172a5204.jpg
302,C,moderate,high,1,data/images/train/high/image367_jpg.rf.a767f0cb6035aa6d63bf4048449ca964.jpg
303,C,moderate,high,1,data/images/train/high/image368_jpg.rf.6f2365896fa533556e93bf7861d4d7d5.jpg
304,C,junk,high,1,data/images/train/high/image379_jpg.rf.8cd2a621c488080019366d566c43066d.jpg
305,C,junk,high,1,data/images/train/high/image388_jpg.rf.f48c502f6ec25ce872b6ce231a332507.jpg
306,C,junk,high,1,data/images/train/high/image391_jpg.rf.95cc062787a17cc3c0ed93a6840f39a6.jpg
307,C,junk,high,2,data/images/train/high/image394_jpg.rf.0c2ba0e4d71bea1d1e98e596ca2faa1e.jpg
307,C,junk,high,2,data/images/train/high/image677_jpg.rf.45625cd4709fabdab0d0d7c19314d21b.jpg
308,C,high,high,1,data/images/train/high/image39_jpg.rf.2d53cb2b760094378e1c17fd53b38947.jpg
309,C,high,high,1,data/images/train/high/image409_jpg.rf.3e1b3c243c6e2cf39352fd13f750b535.jpg
310,C,junk,high,1,data/images/train/high/image413_jpg.rf.d4a6604b948d8aab2fc50ac722542f81.jpg
311,C,high,high,1,data/images/train/high/image414_jpg.rf.d7e5a4189fcd014ae469b4f02d46fd6e.jpg
312,C,high,high,1,data/images/train/high/image430_jpg.rf.991144eb36404c3dcc7c0e049ec7bf43.jpg
313,C,high,high,1,data/images/train/high/image440_jpg.rf.f1cb97815010c3f67dd107d143f09868.jpg
314,C,high,high,1,data/images/train/high/image446_jpg.rf.579150feecf6a0ab38cc43e776ef2b7d.jpg
315,C,high,high,1,data/images/train/high/image459_jpg.rf.81528beb01b14f78b6741ed28fd45eca.jpg
316,C,moderate,high,1,data/images/train/high/image473_jpg.rf.a24f7581e119dd940c0b7bf1c2e317d5.jpg
317,C,high,high,1,data/images/train/high/image477_jpg.rf.f6ffaece9911d0df2b718b9ad7decdff.jpg
318,C,moderate,high,1,data/images/train/high/image482_jpg.rf.466046f42cfc79d0ff95bfda9a21a185.jpg
319,C,moderate,high,1,data/images/train/high/image485_jpg.rf.42fce3c5b01db08d4d7a12709b5fe522.jpg
320,C,moderate,high,1,data/images/train/high/image486_jpg.rf.6093e2f420dc1464e2b2d7dba2a29eaf.jpg
321,C,high,high,1,data/images/train/high/image48_jpg.rf.823993bd5cfb09fbdd3fc8c01f1ca4d9.jpg
322,C,high,high,1,data/images/train/high/image49-2-_jpg.rf.0d4d29732a83f003dffe4665978fb53b.jpg
323,C,high,high,1,data/images/train/high/image490_jpg.rf.da04c79b6b09dc0438ca039de4e0630a.jpg
324,C,junk,high,1,data/images/train/high/image491_jpg.rf.5ac593f364d77054b6fe84f50a235acc.jpg
325,C,junk,high,1,data/images/train/high/image500_jpg.rf.b77d4440f90b4f9cbaad5da3e57f2e28.jpg
326,C,moderate,high,1,data/images/train/high/image501_jpg.rf.e0d628b0ee27532ee4043fa15ce31c9a.jpg
327,C,high,high,1,data/images/train/high/image513_jpg.rf.511fac4c9fa85a0eb0c0929834435c5b.jpg
328,C,high,high,1,data/images/train/high/image515_jpg.rf.5a55ccfe272225fad422fa3513e83a97.jpg
330,C,moderate,high,1,data/images/train/high/image55_jpg.rf.94a937906da7c656f895d10ef639cb0a.jpg
331,C,high,high,1,data/images/train/high/image56_jpg.rf.93ff33affdd3b989cb1afe74909772a8.jpg
332,C,moderate,high,1,data/images/train/high/image583_jpg.rf.159516629fc46441e11dad4a8967b942.jpg
333,C,high,high,1,data/images/train/high/image5_jpg.rf.ededb21989f35717c4e6ad64edeb6b43.jpg
334,C,junk,high,1,data/images/train/high/image602_jpg.rf.5b6732630aa1dcb62d2d6b4ab474c0c3.jpg
335,C,moderate,high,1,data/images/train/high/image60_jpg.rf.9d88b15006b96c1c90d54303a04c33e6.jpg
336,C,high,high,1,data/images/train/high/image611_jpg.rf.43949289fe7c312a93cc359b337a2c31.jpg
337,C,low,high,1,data/images/train/high/image615_jpg.rf.32b447ff5dff47e11d56105b56062bd7.jpg
338,C,moderate,high,1,data/images/train/high/image61_jpg.rf.711b85fad545637491a2ff19387d014b.jpg
339,C,moderate,high,1,data/images/train/high/image622_jpg.rf.186b2a828d9292d9c50637a5553acf18.jpg
340,C,moderate,high,1,data/images/train/high/image623_jpg.rf.f23a7d7571b5326a11497a418fd31ed5.jpg
341,C,moderate,high,1,data/images/train/high/image624-2-_jpg.rf.0df716db43f4b2dc253b333e5e9a2f22.jpg
342,C,high,high,1,data/images/train/high/image624_jpg.rf.a68f0de5318f824c13af2de1112d35b0.jpg
343,C,junk,high,1,data/images/train/high/image630_jpg.rf.f3d617245aa565dbd490ef0f42d875bb.jpg
344,C,high,high,1,data/images/train/high/image638_jpg.rf.ff7a4c3547db07886c1426bcdf5e277e.jpg
345,C,high,high,1,data/images/train/high/image643_jpg.rf.f6f0085faa696752a40946c8e06bdb64.jpg
346,C,junk,high,1,data/images/train/high/image647-2-_jpg.rf.df9fdf289733dfc146873007886efdfa.jpg
347,C,high,high,1,data/images/train/high/image647_jpg.rf.cb462a8a34aff072e07c69ab1b02c492.jpg
348,C,high,high,1,data/images/train/high/image648_jpg.rf.85998b00cc866a7481b9135f29e4a3ff.jpg
349,C,high,high,1,data/images/train/high/image650_jpg.rf.c81804015088dc4ca9b3617a76a52b61.jpg
350,C,high,high,1,data/images/train/high/image652_jpg.rf.ea781b48cbe19ba1abaf3fa4b27ec9b7.jpg
351,C,high,high,1,data/images/train/high/image658_jpg.rf.0f1c95540ae77a73f423e94bc1178214.jpg
352,C,high,high,1,data/images/train/high/image660_jpg.rf.d5b645d3f6c3bdd470ba4c0436ef9fb6.jpg
353,C,high,high,1,data/images/train/high/image664_jpg.rf.3bd236d2950c01b9bbab907fcaac7497.jpg
354,C,high,high,1,data/images/train/high/image666_jpg.rf.b6a262df6749546d58abb6c724564ffc.jpg
355,C,high,high,1,data/images/train/high/image667_jpg.rf.42fcb760757cff6035928ba4abf5637f.jpg
356,C,high,high,1,data/images/train/high/image668_jpg.rf.a14caae0af58c01a510f2746e1d7ef1a.jpg
357,C,high,high,1,data/images/train/high/image670_jpg.rf.62a5340603362eb62e90ee977fce10b7.jpg
358,C,high,high,1,data/images/train/high/image675_jpg.rf.3932db21294ac50f6eddeca8c095032c.jpg
359,C,junk,high,1,data/images/train/high/image676_jpg.rf.b54bf171665652fd3c30bbb9aeeeb2ee.jpg
360,C,moderate,high,1,data/images/train/high/image679-2-_jpg.rf.3e854f68d065bf2d9986ce2e82898103.jpg
361,C,high,high,1,data/images/train/high/image679_jpg.rf.7221fd8f8e4aee4c9740043d3b917812.jpg
362,C,junk,high,1,data/images/train/high/image685_jpg.rf.3045defda01c8fae9dfb3bffdfe215df.jpg
363,C,junk,high,1,data/images/train/high/image686_jpg.rf.234bb189a41c456b50ff7f859eb93f4b.jpg
364,C,high,high,1,data/images/train/high/image690_jpg.rf.e93fd8c9bdcb1d836c0a8df31c45b23d.jpg
365,C,moderate,high,1,data/images/train/high/image694-2-_jpg.rf.a10bd7ee1484373acd3307f31c6d9b76.jpg
366,C,moderate,high,1,data/images/train/high/image694_jpg.rf.a1c0b2520d8a934d60901c2ea52d653e.jpg
367,C,junk,high,1,data/images/train/high/image695_jpg.rf.a59fd6bb82617a2eda47354daf17bd50.jpg
368,C,high,high,1,data/images/train/high/image696_jpg.rf.588eb7ddd030d66c2c09fd00987c2992.jpg
369,C,high,high,1,data/images/train/high/image697_jpg.rf.29778b224a80f4daa5957c8fe2ba8675.jpg
370,C,moderate,high,1,data/images/train/high/image698_jpg.rf.d7c2654bec09338504d2c18ab0e526fe.jpg
371,C,high,high,1,data/images/train/high/image699_jpg.rf.7ce6dabb7d98a9f5aed7d0870d069265.jpg
372,C,high,high,1,data/images/train/high/image701_jpg.rf.213086fb5e9c0448ab12f1e42358edba.jpg
373,C,high,high,1,data/images/train/high/image70_jpg.rf.4530c0dbc2e6d07748ab0927d8651321.jpg
374,C,high,high,1,data/images/train/high/image712_jpg.rf.8e35f0d362582f2e40ba339ce8c3cc49.jpg
375,C,high,high,1,data/images/train/high/image713_jpg.rf.1882f0d32dbaee19363445516879a0db.jpg
376,C,moderate,high,1,data/images/train/high/image716_jpg.rf.e587a4ff2a3cf80815b086ddaef42e23.jpg
377,C,moderate,high,1,data/images/train/high/image717-2-_jpg.rf.13ef167cc3713fe49b2124653d770e80.jpg
378,C,high,high,1,data/images/train/high/image717_jpg.rf.97fb0fe88046d3dc57a982db52f5d417.jpg
379,C,moderate,high,1,data/images/train/high/image737_jpg.rf.1a92e98b902c0b391490b1fcf49b62af.jpg
380,C,moderate,high,1,data/images/train/high/image749_jpg.rf.60b77dd3a94e3d1ba2d12f1987d0600c.jpg
381,C,high,high,1,data/images/train/high/image756_jpg.rf.188d22c90ab485c333bea877163c99d6.jpg
382,C,moderate,high,1,data/images/train/high/image75_jpg.rf.df7428e17ccc954114b00949f014498c.jpg
383,C,high,high,1,data/images/train/high/image760_jpg.rf.c750abd8af6592295cc3861d60b703b4.jpg
384,C,high,high,1,data/images/train/high/image761_jpg.rf.7df2fa2d62a53113c725759fc737cf67.jpg
385,C,high,high,1,data/images/train/high/image764_jpg.rf.bdc27821f2ed813702f1c5fe6da4acd0.jpg
386,C,junk,high,1,data/images/train/high/image777_jpg.rf.e872d188ed1965c482c3626a897af1a5.jpg
387,C,moderate,high,1,data/images/train/high/image784_jpg.rf.cdcf665bce268524baba6a1f3b212cd2.jpg
388,C,high,high,1,data/images/train/high/image787_jpg.rf.1f87c08b6e539c432ecd952ba150fe84.jpg
389,C,high,high,1,data/images/train/high/image788_jpg.rf.c359bace1201af5c565f9e750dbbb140.jpg
390,C,moderate,high,1,data/images/train/high/image796_jpg.rf.63bd1c512a1add4fc81372df89db6937.jpg
391,C,junk,high,1,data/images/train/high/image802_jpg.rf.dbe4349f314b2c3b745558a7b187c8b2.jpg
392,C,moderate,high,1,data/images/train/high/image803_jpg.rf.4e344677b12e1729a6a9c79659f18a3c.jpg
393,C,moderate,high,1,data/images/train/high/image807_jpg.rf.fa44404a0b8c738159c930dfe8f1b682.jpg
394,C,low,high,1,data/images/train/high/image808_jpg.rf.44dd33c56c49c80d4d402dd4d674349c.jpg
395,C,moderate,high,1,data/images/train/high/image80_jpg.rf.57ef68316cfe7663b3a422625dbef72d.jpg
396,C,moderate,high,1,data/images/train/high/image810_jpg.rf.b8300e6af06ead35c87b528f872a1007.jpg
397,C,high,high,1,data/images/train/high/image815_jpg.rf.ebe156b0d38e904309ed53c9dcaf1365.jpg
398,C,moderate,high,1,data/images/train/high/image817_jpg.rf.8139270138c07a2ff040aff7f2330c12.jpg
399,C,junk,high,1,data/images/train/high/image820_jpg.rf.893644784b97d3d852ef908a7a14d9b5.jpg
400,C,junk,high,1,data/images/train/high/image822_jpg.rf.a05efbdaf0ff4e912b3455818fe71ca8.jpg
401,C,high,high,2,data/images/train/high/image827_jpg.rf.bb8201be46a52030eadc1d66615e4634.jpg
401,C,high,high,2,data/images/train/high/image989_jpg.rf.9e6d11cc63741f38be13283db865c961.jpg
402,C,high,high,1,data/images/train/high/image828_jpg.rf.22aa2957df26782bfaff4761017d78d6.jpg
403,C,high,high,1,data/images/train/high/image829_jpg.rf.8ccf4ba5325e528386f1e3c40a0dadc8.jpg
404,C,high,high,1,data/images/train/high/image830_jpg.rf.55aeafcf48118123231a9f8a15a52d3b.jpg
405,C,high,high,1,data/images/train/high/image839_jpg.rf.b695d828320ed43425a97955c650f07f.jpg
406,C,moderate,high,1,data/images/train/high/image848_jpg.rf.775ecd9f167c6ee3ed21c2340c3f1f92.jpg
407,C,high,high,1,data/images/train/high/image852-2-_jpg.rf.7594f7311b6d521ea8a834a8f2c410d7.jpg
408,C,high,high,1,data/images/train/high/image852_jpg.rf.dcbaed251edde32398f93d3b9d9a1203.jpg
409,C,high,high,1,data/images/train/high/image859_jpg.rf.5199d67fa6511487cc8180055866e9dc.jpg
410,C,moderate,high,1,data/images/train/high/image860_jpg.rf.c47ff1ed456ee125ca74308d0d447702.jpg
411,C,high,high,1,data/images/train/high/image863_jpg.rf.3684c58532bcc430e2435f6473f3307b.jpg
412,C,junk,high,1,data/images/train/high/image864_jpg.rf.6146cd08ef6e6901ba3c069be911ee6b.jpg
413,C,junk,high,1,data/images/train/high/image866_jpg.rf.f6e548246ca7c52c546b1be5bcfbf403.jpg
414,C,high,high,1,data/images/train/high/image885_jpg.rf.5bbd6129821c3928cea9402c894898dc.jpg
415,C,moderate,high,1,data/images/train/high/image890_jpg.rf.76d89d4148255f366a5c8896359688ff.jpg
416,C,high,high,1,data/images/train/high/image892_jpg.rf.4525c711d5953894c8133346c2fc3564.jpg
418,C,high,high,1,data/images/train/high/image905_jpg.rf.7f03cb75abe4d14c05160acfcc253c7c.jpg
419,C,junk,high,1,data/images/train/high/image910_jpg.rf.04aa7c5150fa23662a7970bc35d661f6.jpg
420,C,moderate,high,1,data/images/train/high/image917_jpg.rf.5d23a679aff33fefd11d324b679fe5e0.jpg
421,C,junk,high,1,data/images/train/high/image921_jpg.rf.f1ab156f5aaaa02e9f5c03040a19976a.jpg
422,C,junk,high,1,data/images/train/high/image922_jpg.rf.83bebe089bf5c3df4c0ce53192abd254.jpg
423,C,high,high,1,data/images/train/high/image92_jpg.rf.6c803a44ce5cc63def99242df8fc3998.jpg
424,C,moderate,high,1,data/images/train/high/image93-2-_jpg.rf.566099ac57e21d761119d223a22cfad1.jpg
425,C,moderate,high,1,data/images/train/high/image932_jpg.rf.895268ed8e57e7b314f15011e5d85aad.jpg
426,C,moderate,high,1,data/images/train/high/image93_jpg.rf.59fb6e6024e6951942ba6f17f9bc43c1.jpg
427,C,high,high,1,data/images/train/high/image942_jpg.rf.85c7be7887df7db4fa58e491e08d048b.jpg
428,C,high,high,1,data/images/train/high/image944_jpg.rf.6d5fdea4fd9e2902510554fc40b4f75b.jpg
429,C,high,high,1,data/images/train/high/image946_jpg.rf.08625b905bf7fb6f00d723f945591c61.jpg
430,C,moderate,high,1,data/images/train/high/image947-2-_jpg.rf.6cd51fe9daf66af161eaf0ac4f0fc476.jpg
431,C,high,high,1,data/images/train/high/image947_jpg.rf.ea3822bc2daa12d440764bc86b329ea7.jpg
432,C,moderate,high,1,data/images/train/high/image948_jpg.rf.0c04564f9d60c903d7750e803d093acc.jpg
433,C,moderate,high,1,data/images/train/high/image953_jpg.rf.e344030451e3a4a5e1736080361fd388.jpg
434,C,high,high,1,data/images/train/high/image965_jpg.rf.bd7ee2dc74f62c9a9e6777b80a59dadd.jpg
435,C,moderate,high,1,data/images/train/high/image997_jpg.rf.2f95dcc5d7be07f497f7d03f4067bfa1.jpg
436,C,high,high,1,data/images/train/high/image9_jpg.rf.a8cd9581420d85acf85593229afc0e46.jpg
