latitude,longitude,distance_to_fault_km,liquefaction_tier,year_built,number_of_stories,material,building_use,soil_classification,previous_retrofit,structural_system,foundation_type,label,assessed_damage
14.810406769861984,121.11935069174262,2.6898980460095894,,1954.0,3,wood,residential,E,False,unknown,shallow,UNSAFE,UNSAFE
14.835739033952649,121.13058902467603,1.97587356789867,,1970.0,7,concrete,institutional,E,False,unknown,shallow,UNSAFE,UNSAFE
14.811534517338297,121.03359890038986,11.656249555880423,,1970.0,5,wood,mixed,E,False,wood_frame,mat,UNSAFE,UNSAFE
14.85822018834865,121.06582134474729,9.377789910646944,,,5,concrete,industrial,A,False,braced_frame,shallow,SAFE,SAFE
14.789665844697502,121.07546296459071,7.0229623142383515,,,2,concrete,institutional,D,False,unknown,shallow,UNSAFE,UNSAFE
14.773650361297191,121.0902236505545,5.2019705167256705,,1986.0,2,wood,residential,F,False,unknown,shallow,UNSAFE,UNSAFE
14.829300005944802,121.12647741162444,2.3121971607188287,,1968.0,1,mixed,mixed,D,False,moment_frame,shallow,UNSAFE,UNSAFE
14.802140134855293,121.11724377549861,2.5950229401662623,,1972.0,1,mixed,residential,C,False,unknown,shallow,RESTRICTED,RESTRICTED
14.786471007472072,121.11993854666231,2.235600351252299,,2022.0,1,concrete,residential,D,False,unknown,shallow,RESTRICTED,RESTRICTED
14.83433574877161,121.03707440273823,11.882991961601546,,2010.0,4,mixed,commercial,E,True,unknown,shallow,RESTRICTED,RESTRICTED
14.803701658697094,121.05985009450933,8.756352981082184,,1973.0,3,mixed,industrial,E,False,moment_frame,unknown,UNSAFE,UNSAFE
14.785964601608756,121.07893391979773,6.627728758479636,,2017.0,1,wood,residential,E,False,unknown,shallow,UNSAFE,UNSAFE
14.81401580604556,121.03383894086308,11.66905159601743,,1988.0,2,wood,residential,E,False,wood_frame,unknown,UNSAFE,UNSAFE
14.83303870827428,121.04671651151116,10.858908404415692,,2002.0,3,concrete,commercial,F,False,unknown,mat,UNSAFE,UNSAFE
14.848999579159683,121.07463148974347,8.169662821883149,,1977.0,4,wood,mixed,B,False,braced_frame,shallow,RESTRICTED,RESTRICTED
14.798008474458745,121.10956636894485,3.3802813263698512,,2010.0,3,mixed,residential,C,False,unknown,mat,SAFE,SAFE
14.795652671346078,121.06803608052357,7.824021534170373,,2000.0,2,concrete,residential,E,False,shear_wall,deep,SAFE,SAFE
14.781092097121444,121.10720700878983,3.5583250794352583,,1976.0,2,concrete,residential,F,False,moment_frame,shallow,UNSAFE,UNSAFE
14.832552315281962,121.12107256291529,2.9094942195841305,,2016.0,3,mixed,residential,D,False,moment_frame,mat,RESTRICTED,RESTRICTED
14.8231334628187,121.07752118798868,7.370518813940795,,1952.0,2,mixed,residential,E,False,braced_frame,shallow,UNSAFE,UNSAFE
14.813564146407854,121.10533587009202,4.198707879925392,,1999.0,1,mixed,residential,D,False,unknown,deep,RESTRICTED,RESTRICTED
14.842366929525513,121.09163788056165,6.216502443603419,,2019.0,2,concrete,mixed,C,False,shear_wall,shallow,SAFE,SAFE
14.821647590201824,121.1008633884099,4.948381448533898,,,1,concrete,residential,D,False,unknown,mat,RESTRICTED,RESTRICTED
14.797183643955243,121.09083738668869,5.383797812781013,,1983.0,5,mixed,industrial,D,False,shear_wall,deep,RESTRICTED,RESTRICTED
14.810194984533899,121.02068044106655,13.020689308057609,,1982.0,4,concrete,institutional,D,False,unknown,deep,RESTRICTED,RESTRICTED
14.807432456466522,121.04508010139209,10.376296392846388,,1965.0,1,concrete,residential,F,False,unknown,shallow,UNSAFE,UNSAFE
14.794972130940437,121.02432975235804,12.525043692072057,,1971.0,2,wood,residential,B,False,wood_frame,deep,RESTRICTED,RESTRICTED
14.832264746551402,121.05557054054685,9.934117595238575,,,5,concrete,commercial,B,False,moment_frame,shallow,SAFE,SAFE
14.844219086780459,121.09054859973033,6.378317825741721,,1968.0,6,wood,institutional,D,False,unknown,deep,UNSAFE,UNSAFE
14.807222559446675,121.10479289674832,4.0260092333532524,,1987.0,8,wood,mixed,B,False,unknown,shallow,UNSAFE,UNSAFE
14.812660676629589,121.11249993501137,3.4579463006814533,,1988.0,3,mixed,mixed,C,False,shear_wall,shallow,RESTRICTED,RESTRICTED
14.816499139109382,121.03800147658836,11.27284125414185,,1983.0,3,mixed,residential,D,False,moment_frame,shallow,RESTRICTED,RESTRICTED
14.83563636271003,121.03681185466895,11.958559817055548,,1998.0,2,wood,residential,E,False,wood_frame,shallow,UNSAFE,UNSAFE
14.804736699280804,121.07582704410497,7.052885100841308,,2008.0,1,mixed,residential,C,False,moment_frame,shallow,SAFE,SAFE
14.829164587436503,121.05662189778782,9.709963159414741,,2026.0,4,concrete,residential,E,False,moment_frame,unknown,RESTRICTED,RESTRICTED
14.77598598850789,121.06462830554749,7.82968477991461,,2014.0,3,concrete,residential,F,False,braced_frame,unknown,UNSAFE,UNSAFE
14.862376551074092,121.05188951071979,10.945140884101187,,1974.0,1,wood,residential,E,False,wood_frame,shallow,UNSAFE,UNSAFE
14.794076172526545,121.0762526183833,6.933849006546423,,1975.0,2,concrete,residential,D,False,braced_frame,shallow,RESTRICTED,RESTRICTED
14.787228032349635,121.07710434246029,6.835997381796486,,1951.0,1,concrete,residential,C,True,unknown,shallow,SAFE,SAFE
14.824160354897831,121.05721202136726,9.46865238788507,,1951.0,4,concrete,residential,D,False,moment_frame,deep,RESTRICTED,RESTRICTED
14.851345342116765,121.04005962393204,11.853737297173568,,,5,concrete,institutional,D,True,braced_frame,shallow,SAFE,SAFE
14.837904361092443,121.11730110642583,3.415387008109479,,1965.0,8,mixed,commercial,C,False,shear_wall,shallow,UNSAFE,UNSAFE
14.828873156428564,121.07395979656545,7.927197076237327,,,3,concrete,residential,A,False,unknown,shallow,SAFE,SAFE
14.831081881783634,121.09414226623218,5.79195002915304,,2009.0,3,concrete,residential,D,False,shear_wall,deep,SAFE,SAFE
14.808145782800862,121.02780070318379,12.235662065699415,,1967.0,4,wood,residential,E,False,wood_frame,unknown,UNSAFE,UNSAFE
14.815807843675865,121.02211392609594,12.946834005487531,,1951.0,5,mixed,mixed,E,False,moment_frame,unknown,UNSAFE,UNSAFE
14.78155972948548,121.06038595545361,8.4860825857027,,,2,mixed,mixed,D,False,braced_frame,shallow,UNSAFE,UNSAFE
14.824986014482445,121.03031793937966,12.280905977975861,,2004.0,3,wood,residential,D,False,unknown,shallow,RESTRICTED,RESTRICTED
14.8013898224012,121.09373905092983,5.09883431271551,,1951.0,1,concrete,mixed,D,False,shear_wall,unknown,UNSAFE,UNSAFE
14.815486025224438,121.08120470854287,6.71762113386814,,2000.0,2,mixed,residential,D,False,moment_frame,unknown,RESTRICTED,RESTRICTED
14.823426178033714,121.14110860134194,0.6742996957287596,,1991.0,4,concrete,commercial,D,False,unknown,shallow,UNSAFE,UNSAFE
14.793560108656235,121.07945620257428,6.587704225079065,,1989.0,2,mixed,institutional,E,False,braced_frame,shallow,UNSAFE,UNSAFE
14.818422668181853,121.06061270677905,8.94112540372086,,1977.0,3,wood,commercial,C,True,wood_frame,deep,RESTRICTED,RESTRICTED
14.821692351506584,121.0352101868167,11.683675977854717,,1966.0,4,wood,residential,C,False,wood_frame,shallow,UNSAFE,UNSAFE
14.833276468582003,121.03100475488684,12.463389009465272,,2008.0,2,concrete,residential,D,False,shear_wall,shallow,SAFE,SAFE
14.832020343564704,121.0539294437726,10.093860707431034,,1965.0,1,concrete,residential,D,False,moment_frame,shallow,RESTRICTED,RESTRICTED
14.842724499720171,121.1131153826114,4.007397664051828,,1974.0,5,wood,institutional,C,False,unknown,mat,UNSAFE,UNSAFE
14.803746991833032,121.0902591921087,5.496481759877318,,2006.0,1,concrete,mixed,B,False,moment_frame,shallow,SAFE,SAFE
14.860781388906169,121.05869674820843,10.195265319000804,,1957.0,1,concrete,residential,F,False,moment_frame,shallow,UNSAFE,UNSAFE
14.81787236522755,121.05521524505085,9.49031462417229,,2025.0,4,concrete,residential,D,False,shear_wall,unknown,SAFE,SAFE
14.859129499512726,121.05057439049662,10.968195739898789,,2017.0,3,mixed,mixed,C,False,shear_wall,mat,SAFE,SAFE
14.798357594601375,121.08548007068615,5.9702296465404245,,1967.0,3,concrete,residential,D,False,shear_wall,shallow,RESTRICTED,RESTRICTED
14.83223973161783,121.11909262787478,3.1187730714421393,,1978.0,1,wood,residential,E,False,wood_frame,shallow,UNSAFE,UNSAFE
14.793117619267008,121.11574366532582,2.6807078581639843,,1970.0,2,mixed,industrial,A,False,shear_wall,shallow,SAFE,SAFE
14.84884615609218,121.03288779675174,12.562463627030489,,1976.0,1,mixed,residential,D,False,unknown,mat,RESTRICTED,RESTRICTED
14.797808261300249,121.04267023238373,10.563035271188237,,1990.0,2,concrete,mixed,C,True,moment_frame,deep,SAFE,SAFE
14.781498313537275,121.08307456107214,6.112797364126642,,1969.0,2,concrete,mixed,C,False,shear_wall,shallow,RESTRICTED,RESTRICTED
14.8338074954386,121.03409130814883,12.166902749781903,,1982.0,1,concrete,residential,B,False,shear_wall,shallow,SAFE,SAFE
14.817017090261746,121.03276492298531,11.83774029364547,,1977.0,3,wood,institutional,C,False,wood_frame,mat,UNSAFE,UNSAFE
14.824346266931919,121.10876936431873,4.153415256558405,,1963.0,5,mixed,industrial,C,True,unknown,unknown,RESTRICTED,RESTRICTED
14.84620128810284,121.04311383212674,11.42892082000815,,1952.0,4,wood,mixed,E,False,wood_frame,mat,UNSAFE,UNSAFE
14.839817445266128,121.11157685317545,4.065477976842788,,,1,concrete,industrial,A,False,moment_frame,shallow,SAFE,SAFE
14.8152779738869,121.05654709264608,9.287663184921078,,1982.0,4,concrete,residential,D,False,braced_frame,shallow,RESTRICTED,RESTRICTED
14.858028443361851,121.05462152641888,10.516007411988664,,1969.0,2,concrete,residential,D,False,moment_frame,shallow,RESTRICTED,RESTRICTED
14.777774262054718,121.10076470885096,4.165303651289725,,2024.0,3,mixed,residential,B,False,unknown,shallow,SAFE,SAFE
14.808469864318749,121.03522220403413,11.443782512572167,,1994.0,3,mixed,institutional,D,True,moment_frame,mat,SAFE,SAFE
14.825809025863776,121.144880138758,0.304072796866169,,,1,concrete,residential,E,False,shear_wall,shallow,RESTRICTED,RESTRICTED
14.844303881266509,121.07864523888466,7.6286005290958,,1970.0,5,wood,industrial,D,True,unknown,shallow,UNSAFE,UNSAFE
14.819412203725257,121.04747749777867,10.340189393922804,,1974.0,3,wood,mixed,B,False,braced_frame,shallow,RESTRICTED,RESTRICTED
14.807828667617548,121.09666621312637,4.891974675657215,,1975.0,7,wood,mixed,C,False,wood_frame,unknown,UNSAFE,UNSAFE
14.8091331129349,121.0662709237818,8.135878611044818,,,3,concrete,commercial,D,False,unknown,deep,RESTRICTED,RESTRICTED
14.791684749792752,121.07685480390737,6.867016849908312,,2007.0,8,concrete,mixed,D,False,shear_wall,deep,SAFE,SAFE
14.840506420079565,121.04801146891324,10.823042622870348,,1978.0,2,wood,residential,C,False,wood_frame,deep,RESTRICTED,RESTRICTED
14.84821419779533,121.03599676711501,12.220852844480648,,1991.0,3,concrete,residential,F,False,moment_frame,shallow,UNSAFE,UNSAFE
14.781495807690298,121.05779331736373,8.741215971215953,,1954.0,3,wood,institutional,D,False,braced_frame,shallow,UNSAFE,UNSAFE
14.782450481703556,121.05439233740444,9.119606926852464,,2007.0,3,wood,residential,D,False,unknown,deep,RESTRICTED,RESTRICTED
14.80597241776304,121.10697053936725,3.764977800587353,,,3,concrete,industrial,E,False,shear_wall,deep,RESTRICTED,RESTRICTED
14.81684032620704,121.05880989969693,9.08742932313927,,2004.0,4,concrete,residential,F,False,shear_wall,mat,RESTRICTED,RESTRICTED
14.79183645675789,121.04802242393538,9.971094657851868,,1962.0,3,wood,residential,C,False,wood_frame,shallow,UNSAFE,UNSAFE
14.80819037560758,121.09243407245842,5.345486744872792,,,3,wood,residential,E,False,braced_frame,shallow,UNSAFE,UNSAFE
14.80401079654459,121.0231283206988,12.704708223225756,,1974.0,1,wood,residential,F,False,wood_frame,unknown,UNSAFE,UNSAFE
14.777360158323658,121.08612995014128,5.71949037414448,,1963.0,1,concrete,residential,E,False,shear_wall,shallow,RESTRICTED,RESTRICTED
14.830360267779167,121.12008380842366,3.0025739411584396,,1955.0,4,concrete,residential,F,False,shear_wall,shallow,UNSAFE,UNSAFE
14.817790606923818,121.08776508707975,6.12885275181364,,1988.0,2,concrete,residential,B,False,unknown,shallow,SAFE,SAFE
14.812751046907467,121.13045282719308,1.6294236446068886,,1978.0,5,concrete,industrial,B,False,shear_wall,mat,SAFE,SAFE
14.830074104100834,121.06771889635368,8.6085149917557,,1955.0,1,mixed,commercial,A,False,moment_frame,shallow,SAFE,SAFE
14.808251816700604,121.08003880284623,6.6571340560294265,,1992.0,2,mixed,residential,D,False,shear_wall,unknown,RESTRICTED,RESTRICTED
14.803412761654274,121.04746809711072,10.08452884996004,,1953.0,5,mixed,industrial,E,False,wood_frame,shallow,UNSAFE,UNSAFE
14.79949112555755,121.06523639416493,8.15189352995144,,1990.0,2,concrete,residential,C,False,shear_wall,shallow,SAFE,SAFE
14.834599802172363,121.06697198113216,8.734387543353646,,1996.0,2,wood,industrial,C,True,unknown,shallow,SAFE,SAFE
14.860385320561823,121.05600640359886,10.4545147918022,,2008.0,2,concrete,residential,B,False,unknown,deep,SAFE,SAFE
14.814525950974879,121.13825679992898,0.858059994335679,,1950.0,3,mixed,residential,C,False,shear_wall,shallow,RESTRICTED,RESTRICTED
14.81986939838161,121.06018679183062,9.026644936609758,,2011.0,1,mixed,residential,C,False,unknown,deep,SAFE,SAFE
14.831350477220964,121.12925630375297,2.0203799541390173,,2021.0,3,mixed,residential,D,False,shear_wall,shallow,RESTRICTED,RESTRICTED
14.819603569048946,121.12339180539486,2.5178372188972094,,,4,mixed,residential,C,False,moment_frame,mat,RESTRICTED,RESTRICTED
14.795635767161057,121.10062430151777,4.319907259165855,,1958.0,5,wood,mixed,E,False,wood_frame,mat,UNSAFE,UNSAFE
14.787232072771372,121.11416411311507,2.862999640267225,,2020.0,1,mixed,residential,E,False,braced_frame,shallow,RESTRICTED,RESTRICTED
14.827606090390823,121.034128567433,11.958787538931068,,1950.0,6,wood,mixed,D,False,wood_frame,shallow,UNSAFE,UNSAFE
14.838517129857792,121.02921494748081,12.818632464064132,,1976.0,1,mixed,residential,E,False,braced_frame,deep,RESTRICTED,RESTRICTED
14.825577689487908,121.12292607656812,2.645717209750744,,1958.0,3,wood,residential,E,False,unknown,shallow,UNSAFE,UNSAFE
14.776711125915428,121.0949359860138,4.769442259841725,,2019.0,2,concrete,residential,D,False,moment_frame,shallow,SAFE,SAFE
14.784182936221528,121.09840006243728,4.522989907553841,,1970.0,7,concrete,commercial,C,False,shear_wall,shallow,RESTRICTED,RESTRICTED
14.823495020048883,121.09159997393331,5.964686656415333,,2022.0,2,concrete,residential,D,False,unknown,mat,SAFE,SAFE
14.81861468889524,121.07845982528559,7.103634520531456,,2019.0,1,concrete,residential,F,False,shear_wall,unknown,RESTRICTED,RESTRICTED
14.826157016822002,121.08193429241335,7.038878927826844,,2007.0,4,concrete,residential,E,False,shear_wall,unknown,RESTRICTED,RESTRICTED
14.808420273946588,121.10393646345759,4.149444370323641,,,4,mixed,residential,D,False,unknown,deep,RESTRICTED,RESTRICTED
14.833177616858796,121.11939920346038,3.0958916592676147,,,4,concrete,residential,B,False,unknown,shallow,SAFE,SAFE
14.855437109844633,121.06088738672581,9.787307671894334,,1980.0,1,concrete,residential,F,False,moment_frame,shallow,UNSAFE,UNSAFE
14.793908921797632,121.11783388208052,2.459093601094344,,1969.0,5,wood,mixed,E,False,wood_frame,shallow,UNSAFE,UNSAFE
14.798211663943997,121.06494423157889,8.171933452079132,,1961.0,3,concrete,residential,D,False,moment_frame,shallow,RESTRICTED,RESTRICTED
14.838906202104662,121.06748392780125,8.720150839599542,,2018.0,2,mixed,residential,C,False,moment_frame,shallow,SAFE,SAFE
14.814374944590725,121.12019320888396,2.745415016488706,,2008.0,2,concrete,residential,A,False,unknown,shallow,SAFE,SAFE
14.864087176697282,121.06655976672737,9.367477055516058,,1997.0,4,mixed,residential,D,True,braced_frame,deep,SAFE,SAFE
14.850749436147744,121.03231960493785,12.659212328965285,,1956.0,3,concrete,residential,E,False,moment_frame,mat,RESTRICTED,RESTRICTED
14.779344658590688,121.10117614865432,4.154073210575674,,2011.0,4,concrete,residential,A,False,braced_frame,mat,SAFE,SAFE
14.834634398486335,121.09469461477171,5.758112498200703,,,4,concrete,residential,C,False,shear_wall,shallow,SAFE,SAFE
14.81191986001025,121.01822209034913,13.304644409777444,,2018.0,5,concrete,institutional,F,False,shear_wall,shallow,RESTRICTED,RESTRICTED
14.796341709378648,121.12618110263904,1.589926430386828,,2023.0,5,concrete,mixed,E,False,moment_frame,shallow,RESTRICTED,RESTRICTED
14.810743470998194,121.07747236741561,6.979908004940495,,1967.0,4,wood,residential,E,False,unknown,deep,UNSAFE,UNSAFE
14.857404516046609,121.05667703959152,10.28423721022656,,1988.0,1,mixed,residential,F,False,unknown,mat,UNSAFE,UNSAFE
14.849412985393009,121.05428457122824,10.311058652781036,,2021.0,3,concrete,residential,D,False,moment_frame,shallow,SAFE,SAFE
14.831109166662278,121.10497495740502,4.630330569573763,,1988.0,3,wood,residential,D,False,wood_frame,shallow,UNSAFE,UNSAFE
14.843520312632572,121.03557834377744,12.190876650449264,,1965.0,2,mixed,industrial,E,False,braced_frame,shallow,UNSAFE,UNSAFE
14.770940185407461,121.10372478732361,3.7633805729322187,,2011.0,8,mixed,commercial,D,False,unknown,mat,UNSAFE,UNSAFE
14.850639200956188,121.04826247461409,10.973328303326449,,2021.0,4,concrete,residential,C,False,shear_wall,mat,SAFE,SAFE
14.816840792023003,121.03317535401217,11.790799499945903,,1968.0,3,mixed,residential,B,False,unknown,deep,SAFE,SAFE
14.829138053781517,121.11553102825768,3.479492513592932,,1984.0,3,concrete,residential,D,False,moment_frame,shallow,RESTRICTED,RESTRICTED
14.786314478450793,121.11412798894379,2.8549634498422893,,1976.0,1,mixed,institutional,D,False,moment_frame,shallow,UNSAFE,UNSAFE
14.836967641228735,121.05253862028209,10.302094628694997,,2001.0,3,concrete,residential,D,False,braced_frame,mat,SAFE,SAFE
14.827328146083719,121.1467353883354,0.12396356646894184,,1962.0,1,concrete,industrial,E,False,moment_frame,deep,UNSAFE,UNSAFE
14.784362919390036,121.11080292776207,3.1940950142198967,,2012.0,3,concrete,residential,C,False,braced_frame,shallow,SAFE,SAFE
14.785382658316824,121.02876686572041,11.812810421554394,,1969.0,1,concrete,mixed,C,False,braced_frame,shallow,SAFE,SAFE
14.829764917575739,121.12069502632413,2.9355098378350775,,1992.0,2,mixed,residential,D,False,shear_wall,shallow,RESTRICTED,RESTRICTED
14.781619124600455,121.09259081322708,5.109075580872274,,1960.0,3,mixed,institutional,C,False,moment_frame,deep,RESTRICTED,RESTRICTED
14.835975012323267,121.09333489363057,5.918599979146627,,1985.0,3,concrete,residential,D,False,unknown,shallow,RESTRICTED,RESTRICTED
14.817215327555813,121.03629760173054,11.467689031258088,,2008.0,1,wood,residential,C,True,wood_frame,shallow,SAFE,SAFE
14.8138652570749,121.07023430663405,7.814895860117999,,2005.0,1,concrete,residential,E,False,braced_frame,mat,RESTRICTED,RESTRICTED
14.797257586343626,121.05351010839867,9.39435275341524,,1990.0,5,mixed,commercial,C,False,moment_frame,shallow,RESTRICTED,RESTRICTED
14.827273651695892,121.07340349198687,7.956158677385626,,2002.0,1,mixed,residential,E,True,moment_frame,unknown,RESTRICTED,RESTRICTED
14.807754120857371,121.10085154452813,4.451738949898171,,1977.0,5,wood,institutional,B,True,wood_frame,shallow,RESTRICTED,RESTRICTED
14.788724035007682,121.0708648182327,7.519096565881049,,1977.0,2,wood,commercial,D,False,unknown,unknown,UNSAFE,UNSAFE
14.798466558054091,121.09470102096313,4.981257592745854,,1955.0,4,mixed,industrial,D,False,unknown,deep,UNSAFE,UNSAFE
14.808399864567422,121.02137644810216,12.927040099390943,,2009.0,7,concrete,commercial,D,False,shear_wall,shallow,SAFE,SAFE
14.789504549236169,121.07954161334837,6.585101973717316,,2006.0,3,concrete,residential,E,True,shear_wall,deep,SAFE,SAFE
14.82284246859142,121.09259675931608,5.848043117269482,,1993.0,2,wood,residential,F,False,wood_frame,shallow,UNSAFE,UNSAFE
14.830895863999048,121.10979700979715,4.110825204793629,,2023.0,4,wood,residential,C,False,wood_frame,mat,RESTRICTED,RESTRICTED
14.798385534714324,121.10321546432289,4.064545169838663,,1984.0,4,mixed,residential,E,False,wood_frame,deep,UNSAFE,UNSAFE
14.82121295365159,121.1211399920174,2.7883691204254055,,1953.0,3,wood,residential,C,False,wood_frame,shallow,UNSAFE,UNSAFE
14.828746111745952,121.07387019400683,7.935562544383764,,1954.0,3,wood,residential,D,False,wood_frame,mat,UNSAFE,UNSAFE
14.817645209984631,121.06447491364737,8.517049707048306,,2022.0,2,concrete,institutional,D,False,unknown,shallow,RESTRICTED,RESTRICTED
14.816752780664162,121.13888206147658,0.8207373565377877,,1958.0,3,concrete,residential,D,True,moment_frame,unknown,RESTRICTED,RESTRICTED
14.845784380112308,121.08566818038719,6.930238930237371,,,8,concrete,commercial,C,False,shear_wall,shallow,RESTRICTED,RESTRICTED
14.849460592630415,121.0583398220414,9.885659724240032,,,2,concrete,residential,D,False,shear_wall,shallow,SAFE,SAFE
14.778750286427254,121.08219830653051,6.158489961705661,,1951.0,2,concrete,residential,B,False,shear_wall,unknown,SAFE,SAFE
14.794896429413678,121.02396663572411,12.563945436847229,,,3,mixed,residential,D,False,moment_frame,shallow,RESTRICTED,RESTRICTED
14.784349845922666,121.0609527495406,8.513293737784062,,1982.0,8,concrete,mixed,F,False,moment_frame,shallow,UNSAFE,UNSAFE
14.840180888500882,121.0582658235648,9.722050516235392,,2017.0,4,concrete,residential,D,False,unknown,shallow,SAFE,SAFE
14.803878243660503,121.13031684948491,1.3076867059552442,,,1,concrete,industrial,A,False,braced_frame,shallow,SAFE,SAFE
14.826279220903066,121.03698456803407,11.623151959669357,,1995.0,1,wood,residential,E,False,wood_frame,deep,UNSAFE,UNSAFE
14.803158698796967,121.03247813557222,11.694595045702988,,2017.0,3,concrete,residential,B,True,shear_wall,shallow,SAFE,SAFE
14.797870770029895,121.1191049041601,2.353248660145565,,1967.0,7,concrete,mixed,D,False,shear_wall,shallow,UNSAFE,UNSAFE
14.836526799764435,121.10789339566954,4.374349012078753,,2017.0,6,wood,mixed,F,False,wood_frame,deep,UNSAFE,UNSAFE
14.830203991166941,121.06808431985952,8.570788204342664,,1950.0,3,mixed,residential,F,False,wood_frame,shallow,UNSAFE,UNSAFE
14.783444007943748,121.08630725193531,5.8122606704951325,,1991.0,4,concrete,residential,C,False,moment_frame,shallow,SAFE,SAFE
14.849354940408643,121.038616900973,11.964660067521887,,2021.0,2,mixed,residential,E,False,wood_frame,mat,RESTRICTED,RESTRICTED
14.8113247631691,121.03538900826432,11.462139786367379,,,4,concrete,residential,C,False,shear_wall,shallow,SAFE,SAFE
14.775241117851538,121.06871248160319,7.390218745601661,,1996.0,2,mixed,residential,D,False,shear_wall,deep,SAFE,SAFE
14.809907021834544,121.11687763922583,2.9002771446345053,,2015.0,7,concrete,commercial,D,False,unknown,shallow,RESTRICTED,RESTRICTED
14.782162317173968,121.07890353061983,6.567786039292642,,2000.0,4,concrete,residential,E,False,shear_wall,shallow,RESTRICTED,RESTRICTED
14.815436098372652,121.05536680678844,9.415618118377436,,1990.0,5,mixed,institutional,B,False,unknown,shallow,RESTRICTED,RESTRICTED
14.815739160252338,121.09445391649156,5.374936433819707,,1995.0,2,wood,residential,B,False,wood_frame,shallow,RESTRICTED,RESTRICTED
14.791275878531659,121.02775702195733,12.143654510049622,,1986.0,2,concrete,residential,C,False,shear_wall,unknown,SAFE,SAFE
14.82988059399446,121.12859613214569,2.085708940037355,,,4,concrete,residential,D,False,moment_frame,unknown,RESTRICTED,RESTRICTED
14.833076856248013,121.10277943004648,4.876869075526175,,2007.0,2,concrete,residential,F,False,moment_frame,shallow,UNSAFE,UNSAFE
14.820270482135824,121.06526506497026,8.51333965822363,,1999.0,4,wood,residential,D,False,wood_frame,shallow,UNSAFE,UNSAFE
14.850156058508905,121.06152719341546,9.568698262988852,,1996.0,1,concrete,residential,D,False,braced_frame,shallow,SAFE,SAFE
14.842722549257367,121.08066221308493,7.381024873393192,,2006.0,1,concrete,residential,E,False,braced_frame,mat,RESTRICTED,RESTRICTED
14.816866320595174,121.12971504545544,1.8010425741482579,,1975.0,6,wood,mixed,C,False,wood_frame,shallow,UNSAFE,UNSAFE
14.82493499200896,121.13735449013524,1.093452260507743,,2008.0,6,concrete,institutional,D,False,moment_frame,mat,RESTRICTED,RESTRICTED
14.800774472617844,121.12948385505507,1.2739182634494624,,2015.0,2,concrete,mixed,B,False,shear_wall,shallow,SAFE,SAFE
14.819475066570593,121.08281907155072,6.692900977460404,,2023.0,4,mixed,residential,E,False,wood_frame,deep,UNSAFE,UNSAFE
14.806454784064508,121.03052729227608,11.927305304880003,,1964.0,4,concrete,commercial,E,False,shear_wall,deep,RESTRICTED,RESTRICTED
14.82921845347121,121.13838820120681,1.0308672671048928,,1962.0,2,concrete,commercial,C,False,shear_wall,shallow,RESTRICTED,RESTRICTED
14.80060442503094,121.04015705423373,10.852984792310803,,1964.0,1,wood,residential,E,False,wood_frame,unknown,UNSAFE,UNSAFE
14.811321011197235,121.13973225512392,0.6210513387746713,,,5,wood,mixed,E,False,unknown,shallow,UNSAFE,UNSAFE
14.826047623097569,121.05742159999419,9.512626210195723,,1995.0,1,mixed,residential,E,False,moment_frame,deep,RESTRICTED,RESTRICTED
14.829506334907538,121.10993393871152,4.083157052067917,,1972.0,2,concrete,commercial,D,False,moment_frame,shallow,RESTRICTED,RESTRICTED
14.82819193793997,121.14694798286556,0.10778111036431531,,,1,concrete,residential,C,False,braced_frame,unknown,RESTRICTED,RESTRICTED
14.842017428767852,121.0799894901215,7.437804532152604,,2005.0,1,concrete,residential,C,False,shear_wall,shallow,SAFE,SAFE
14.81052537665125,121.11383487610135,3.225936202552468,,2001.0,6,mixed,mixed,A,False,wood_frame,mat,RESTRICTED,RESTRICTED
14.831498955641921,121.09002701267553,6.237329483311923,,1989.0,1,concrete,residential,C,False,moment_frame,shallow,SAFE,SAFE
14.839304849877763,121.05485813411748,10.076168521011146,,2016.0,2,concrete,commercial,A,False,shear_wall,deep,SAFE,SAFE
14.801352881550827,121.1161677392477,2.695836691389923,,1979.0,7,concrete,commercial,F,False,shear_wall,mat,UNSAFE,UNSAFE
14.815387313367772,121.119800411492,2.812601739114806,,2000.0,6,concrete,mixed,B,True,shear_wall,shallow,SAFE,SAFE
14.845998941390366,121.09034008410971,6.451258192311558,,2003.0,1,concrete,residential,E,True,shear_wall,shallow,SAFE,SAFE
14.803921439420636,121.02149739200121,12.879565465637365,,1975.0,1,mixed,residential,E,False,wood_frame,shallow,UNSAFE,UNSAFE
14.837296287822562,121.10625237237689,4.56293875815811,,1965.0,4,wood,commercial,B,False,wood_frame,shallow,UNSAFE,UNSAFE
14.817830441619678,121.01718610453888,13.505920076052467,,1960.0,1,concrete,residential,C,False,moment_frame,unknown,SAFE,SAFE
14.770297746902623,121.10651550217935,3.4592806755487433,,1973.0,7,wood,mixed,E,False,wood_frame,mat,UNSAFE,UNSAFE
14.85516940357397,121.06987862428971,8.855327897364514,,1992.0,5,concrete,mixed,E,False,shear_wall,shallow,RESTRICTED,RESTRICTED
14.790686981033538,121.10576205785712,3.758989505793267,,,1,concrete,residential,D,False,shear_wall,shallow,RESTRICTED,RESTRICTED
14.801503662328699,121.12981669976499,1.2602266935647661,,1976.0,1,concrete,residential,D,False,braced_frame,deep,RESTRICTED,RESTRICTED
14.806296763273362,121.09496843034303,5.036796049985747,,1963.0,8,wood,commercial,B,True,wood_frame,deep,RESTRICTED,RESTRICTED
14.85427981630616,121.05307852359651,10.561897795087804,,,2,concrete,residential,D,False,moment_frame,shallow,RESTRICTED,RESTRICTED
14.837725625871936,121.0619879834581,9.29535194378675,,1977.0,2,wood,residential,D,False,wood_frame,unknown,UNSAFE,UNSAFE
14.807374959947012,121.05593810175587,9.213222356488934,,,4,mixed,residential,C,False,shear_wall,unknown,RESTRICTED,RESTRICTED
14.82373428146218,121.03475505887252,11.783905772998207,,,2,concrete,residential,B,False,moment_frame,unknown,SAFE,SAFE
14.805848802712338,121.09561804440717,4.959141602655391,,1997.0,4,concrete,residential,B,False,unknown,shallow,SAFE,SAFE
14.81609457302903,121.13811748442679,0.8928171079257294,,1983.0,4,mixed,residential,E,False,braced_frame,deep,UNSAFE,UNSAFE
14.803203691309825,121.03442918035184,11.485033768928288,,1967.0,3,concrete,residential,C,False,shear_wall,shallow,SAFE,SAFE
14.787190367870442,121.02550666117294,12.210423943882835,,2018.0,3,concrete,residential,E,False,shear_wall,shallow,SAFE,SAFE
14.811818130424925,121.01893457416415,13.22715095869459,,2001.0,2,concrete,residential,D,False,unknown,shallow,SAFE,SAFE
14.801039238934841,121.100839747133,4.333603612846441,,1975.0,1,wood,residential,D,False,wood_frame,deep,UNSAFE,UNSAFE
14.861399763868969,121.0724048317498,8.746059846320357,,1976.0,1,wood,residential,D,False,wood_frame,deep,UNSAFE,UNSAFE
14.820400745362905,121.11643057866343,3.2710854939370213,,1983.0,2,concrete,residential,C,False,braced_frame,shallow,SAFE,SAFE
14.855302872976232,121.05436854314706,10.457363972536317,,2020.0,3,mixed,residential,E,False,shear_wall,unknown,RESTRICTED,RESTRICTED
14.799280145467637,121.04780364320355,10.021130746131272,,2002.0,3,mixed,residential,C,False,shear_wall,shallow,SAFE,SAFE
14.819291903914198,121.13728977164149,1.0399883950827253,,1952.0,6,mixed,mixed,B,False,moment_frame,deep,RESTRICTED,RESTRICTED
14.825289839647322,121.11514993996576,3.4754102181404276,,2014.0,3,mixed,residential,E,False,unknown,shallow,UNSAFE,UNSAFE
14.796736091890073,121.10334905632016,4.038112473029393,,1957.0,3,concrete,residential,B,False,moment_frame,shallow,SAFE,SAFE
14.79900080476411,121.04863679961969,9.92952095187406,,,1,mixed,commercial,D,False,unknown,deep,RESTRICTED,RESTRICTED
14.8530799695443,121.03722736921533,12.191360017873015,,2002.0,4,mixed,residential,E,False,unknown,deep,RESTRICTED,RESTRICTED
14.822422778290944,121.05419673988698,9.723862619387429,,2007.0,1,concrete,mixed,C,False,shear_wall,shallow,SAFE,SAFE
14.814069940124538,121.07479537932214,7.342644199689403,,1953.0,1,wood,residential,D,False,unknown,deep,UNSAFE,UNSAFE
14.78554397950273,121.12116091926433,2.0930341921740956,,1952.0,1,wood,residential,A,False,wood_frame,unknown,UNSAFE,UNSAFE
14.7773819395004,121.09123087538907,5.174515970378807,,1952.0,6,mixed,mixed,E,False,shear_wall,shallow,UNSAFE,UNSAFE
14.809827980570784,121.08466665111065,6.201126624310839,,1955.0,1,concrete,institutional,F,False,shear_wall,shallow,UNSAFE,UNSAFE
14.817973372219779,121.07701691703801,7.229355716953531,,1978.0,3,wood,residential,F,False,unknown,unknown,UNSAFE,UNSAFE
14.805078051997828,121.03140635005433,11.82194273221586,,1956.0,3,wood,residential,E,False,unknown,deep,UNSAFE,UNSAFE
14.796999546019522,121.04407577310302,10.407680216316022,,1972.0,4,concrete,residential,D,False,braced_frame,shallow,RESTRICTED,RESTRICTED
14.808224402311373,121.0689186894774,7.839103482170814,,1976.0,5,mixed,commercial,D,False,shear_wall,shallow,UNSAFE,UNSAFE
14.815367935089913,121.08406057148478,6.419562806267919,,2007.0,4,mixed,commercial,C,False,wood_frame,unknown,UNSAFE,UNSAFE
14.809666722434073,121.06081521053761,8.72547373163813,,1984.0,4,mixed,mixed,C,False,braced_frame,shallow,RESTRICTED,RESTRICTED
14.799000617954322,121.05115640388682,9.65887614041944,,2014.0,4,concrete,residential,D,False,moment_frame,shallow,SAFE,SAFE
14.814423341103746,121.04878428505913,10.08958760195791,,1987.0,1,concrete,industrial,C,False,moment_frame,mat,SAFE,SAFE
14.78976523287358,121.10730829676399,3.599556848917017,,2012.0,1,concrete,residential,D,False,braced_frame,unknown,RESTRICTED,RESTRICTED
14.858574915946816,121.06050207122492,9.931966677528113,,1982.0,1,mixed,residential,E,False,moment_frame,mat,RESTRICTED,RESTRICTED
14.812552128160043,121.02303739231637,12.79841292332328,,1971.0,2,mixed,residential,F,False,shear_wall,deep,UNSAFE,UNSAFE
14.782140858632046,121.11106579012882,3.14896111946831,,1955.0,3,concrete,commercial,E,False,braced_frame,mat,UNSAFE,UNSAFE
14.828171512253789,121.03127743861852,12.271198680147434,,1963.0,5,concrete,industrial,D,False,shear_wall,shallow,RESTRICTED,RESTRICTED
14.823179607075462,121.04867223027172,10.319026386807117,,2006.0,4,concrete,industrial,E,False,unknown,deep,RESTRICTED,RESTRICTED
14.783345240656121,121.09879219861224,4.475372169661647,,2026.0,6,concrete,mixed,C,False,unknown,mat,SAFE,SAFE
14.857438991401512,121.05034845948181,10.938104963238281,,,3,concrete,institutional,E,False,braced_frame,unknown,UNSAFE,UNSAFE
14.826532460291565,121.07692923075365,7.575907356884349,,1972.0,3,wood,residential,F,False,wood_frame,shallow,UNSAFE,UNSAFE
14.798599663786218,121.1245559134572,1.7685303263974843,,1965.0,3,wood,residential,D,False,wood_frame,unknown,UNSAFE,UNSAFE
14.82626878485585,121.12270425533697,2.677311374077969,,1978.0,4,concrete,commercial,D,False,braced_frame,shallow,RESTRICTED,RESTRICTED
14.807971212620048,121.04531524906912,10.357266966467058,,2001.0,3,mixed,industrial,E,False,wood_frame,shallow,UNSAFE,UNSAFE
14.801351489356424,121.02054991458347,12.96429866259568,,1996.0,5,wood,mixed,E,False,wood_frame,shallow,UNSAFE,UNSAFE
14.83678991999735,121.1128748879443,3.8520254276408683,,,3,mixed,residential,B,False,moment_frame,mat,SAFE,SAFE
14.798477559639226,121.11465368466992,2.8336366023585358,,1983.0,2,concrete,residential,C,False,shear_wall,shallow,SAFE,SAFE
14.82559224692039,121.13476102242075,1.3795678412569898,,2018.0,4,mixed,residential,C,False,moment_frame,unknown,RESTRICTED,RESTRICTED
14.784344896009653,121.10861441462013,3.4283495401989064,,1969.0,4,concrete,commercial,D,False,shear_wall,deep,RESTRICTED,RESTRICTED
14.824691448847865,121.14844550467427,0.09261369643527426,,1952.0,2,mixed,residential,C,False,unknown,deep,UNSAFE,UNSAFE
14.81994443030537,121.13348118238748,1.45628551868117,,1950.0,2,wood,residential,C,False,wood_frame,shallow,UNSAFE,UNSAFE
14.794168845272997,121.09914709894396,4.47061229626322,,1976.0,2,concrete,mixed,B,False,moment_frame,shallow,SAFE,SAFE
14.832431792555866,121.05572475025302,9.91949386989507,,1995.0,2,concrete,residential,F,False,moment_frame,shallow,UNSAFE,UNSAFE
14.790061947297906,121.09568455600528,4.846134325332821,,,1,concrete,commercial,E,False,shear_wall,shallow,UNSAFE,UNSAFE
14.821643811223707,121.09768366551735,5.287514253375635,,2008.0,1,wood,industrial,E,False,unknown,mat,UNSAFE,UNSAFE
14.83380378021562,121.06918964666202,8.491280930081015,,1986.0,5,concrete,mixed,D,False,braced_frame,mat,RESTRICTED,RESTRICTED
14.822956727572874,121.1129527358263,3.6900743926143993,,1969.0,5,mixed,mixed,F,False,unknown,deep,UNSAFE,UNSAFE
14.817825905126139,121.07225753323077,7.714750335994457,,2025.0,3,wood,residential,D,False,unknown,shallow,RESTRICTED,RESTRICTED
14.80737686893291,121.08566219917503,6.044079092485992,,,5,concrete,industrial,E,False,shear_wall,shallow,UNSAFE,UNSAFE
14.834289947464262,121.06903572579711,8.510643996596084,,2008.0,3,wood,residential,D,False,wood_frame,shallow,UNSAFE,UNSAFE
14.786951534800343,121.04028122277008,10.714039487408705,,1961.0,4,concrete,mixed,C,False,shear_wall,shallow,RESTRICTED,RESTRICTED
14.81343720382211,121.04475649324866,10.49817248191294,,1967.0,4,wood,residential,F,False,braced_frame,deep,UNSAFE,UNSAFE
14.81806467843268,121.06691735948885,8.275044938836523,,1988.0,5,concrete,institutional,F,False,unknown,shallow,UNSAFE,UNSAFE
14.82325034115407,121.12054620956022,2.8817322130966807,,1977.0,6,mixed,mixed,B,False,unknown,shallow,UNSAFE,UNSAFE
14.787427366811084,121.02984785039126,11.780329279478005,,1950.0,3,concrete,residential,E,False,moment_frame,deep,RESTRICTED,RESTRICTED
14.798671534928506,121.06898562286212,7.74197184495389,,1960.0,1,concrete,residential,C,False,shear_wall,shallow,SAFE,SAFE
14.82433379771562,121.09741426426358,5.362889249059239,,1997.0,1,mixed,commercial,B,False,braced_frame,deep,SAFE,SAFE
14.826370788027267,121.07091220144314,8.16434366089642,,2026.0,4,concrete,residential,E,False,unknown,mat,RESTRICTED,RESTRICTED
14.804362801249116,121.04271106272338,10.602263613731065,,,2,wood,residential,C,False,wood_frame,shallow,UNSAFE,UNSAFE
14.780244996136132,121.0689161940245,7.5860092648216755,,1986.0,5,concrete,commercial,C,False,moment_frame,shallow,SAFE,SAFE
14.834484036210862,121.03821387977328,11.773109331105626,,2011.0,4,concrete,residential,E,False,moment_frame,deep,SAFE,SAFE
14.8609772927901,121.06166279276286,9.902376578547544,,2006.0,2,concrete,residential,D,False,shear_wall,shallow,SAFE,SAFE
14.78720105625817,121.05351512876994,9.357297197055258,,1996.0,2,mixed,residential,E,False,shear_wall,shallow,RESTRICTED,RESTRICTED
14.818553979747449,121.04125371713413,10.973475931770297,,2002.0,4,mixed,residential,D,False,shear_wall,shallow,RESTRICTED,RESTRICTED
14.792821589689568,121.0787826663832,6.659142703534534,,1978.0,1,concrete,residential,F,True,shear_wall,shallow,RESTRICTED,RESTRICTED
14.81458288099245,121.02258646512558,12.876589776441229,,1951.0,2,mixed,mixed,E,False,unknown,shallow,UNSAFE,UNSAFE
14.778244145016185,121.08237953260702,6.132045554264132,,2025.0,3,mixed,residential,B,False,shear_wall,deep,SAFE,SAFE
14.79628437130965,121.05010585372135,9.755774757538386,,2021.0,4,concrete,residential,B,False,moment_frame,shallow,SAFE,SAFE
14.821580837086398,121.05701417349951,9.406627560406026,,2004.0,6,concrete,institutional,E,False,unknown,mat,UNSAFE,UNSAFE
14.820548508026459,121.0984784633526,5.177862583657033,,1989.0,2,mixed,institutional,D,False,shear_wall,shallow,RESTRICTED,RESTRICTED
14.792215515072241,121.03853782749123,10.992113584135254,,2000.0,2,concrete,residential,D,False,braced_frame,unknown,SAFE,SAFE
14.850886586590363,121.03787404514823,12.074580891244384,,1991.0,1,concrete,residential,D,False,braced_frame,deep,SAFE,SAFE
14.839439692539294,121.09415951254242,5.886084818330917,,1988.0,3,concrete,residential,D,False,moment_frame,shallow,RESTRICTED,RESTRICTED
14.803779366812552,121.05589439297617,9.181783292969225,,1964.0,4,concrete,residential,C,False,braced_frame,shallow,RESTRICTED,RESTRICTED
14.841878503247385,121.07034325838723,8.459119387113015,,1982.0,1,mixed,residential,B,False,wood_frame,deep,SAFE,SAFE
14.787664153191255,121.11913784517378,2.3337805837377577,,1958.0,6,concrete,mixed,E,False,shear_wall,shallow,UNSAFE,UNSAFE
14.85035202766105,121.0517128998796,10.603527037335116,,1988.0,2,concrete,residential,F,False,shear_wall,shallow,RESTRICTED,RESTRICTED
14.807926312193102,121.04042067785497,10.880891679451675,,1955.0,3,concrete,residential,D,False,shear_wall,deep,SAFE,SAFE
14.791431849141144,121.07631871353601,6.925112179940163,,1994.0,1,concrete,residential,C,False,shear_wall,shallow,SAFE,SAFE
14.800650143536544,121.13271040165183,0.9346901791647713,,2025.0,8,concrete,mixed,C,True,shear_wall,shallow,SAFE,SAFE
14.791740300825879,121.0870723141866,5.766928903061219,,1976.0,3,mixed,residential,E,False,shear_wall,shallow,UNSAFE,UNSAFE
14.783199275538959,121.04909147997297,9.678914328250094,,1988.0,1,concrete,residential,C,False,moment_frame,shallow,SAFE,SAFE
14.81812759851387,121.11980248089796,2.8769851446483665,,1993.0,2,concrete,residential,B,False,moment_frame,mat,SAFE,SAFE
14.819311858006117,121.08172911504288,6.796878770779342,,1974.0,2,mixed,residential,E,False,unknown,deep,UNSAFE,UNSAFE
14.809983860319766,121.0878314716595,5.8723576086702245,,1989.0,4,wood,mixed,B,False,wood_frame,shallow,UNSAFE,UNSAFE
14.78775271931743,121.09020131313876,5.435051876402696,,1979.0,3,wood,industrial,B,False,unknown,unknown,UNSAFE,UNSAFE
14.826993531709762,121.05928017509737,9.358583959348877,,1968.0,3,wood,residential,F,False,unknown,deep,UNSAFE,UNSAFE
14.806640862530408,121.07833089787628,6.811165683914957,,2013.0,3,concrete,residential,D,False,braced_frame,mat,SAFE,SAFE
14.785745822535143,121.08720982896709,5.737599503068716,,1962.0,7,concrete,commercial,C,False,unknown,deep,RESTRICTED,RESTRICTED
14.813335126742594,121.11505655702238,3.2521823513348695,,1980.0,4,concrete,residential,A,False,shear_wall,shallow,SAFE,SAFE
14.84525386289133,121.0620512824289,9.401640774859077,,1962.0,1,wood,residential,E,False,wood_frame,shallow,UNSAFE,UNSAFE
14.84097920722744,121.09926881588669,5.381515448890416,,1991.0,3,concrete,mixed,B,False,shear_wall,mat,SAFE,SAFE
14.788167985035965,121.12196361745586,2.034999889892603,,1966.0,1,wood,residential,E,False,wood_frame,unknown,UNSAFE,UNSAFE
14.81031966287476,121.1392440221726,0.6463826205838735,,1993.0,4,mixed,commercial,E,False,moment_frame,mat,UNSAFE,UNSAFE
14.812306384158823,121.02482903517719,12.60363574779817,,1974.0,2,mixed,residential,E,False,braced_frame,shallow,UNSAFE,UNSAFE
14.805903516594014,121.10054001372836,4.439544896714191,,1974.0,5,mixed,industrial,F,False,wood_frame,deep,UNSAFE,UNSAFE
14.812584451364554,121.11300723916419,3.4054946642765005,,1989.0,1,mixed,residential,E,False,unknown,deep,UNSAFE,UNSAFE
14.82616700462306,121.10421370000257,4.656655302364479,,,1,concrete,residential,E,False,braced_frame,mat,RESTRICTED,RESTRICTED
14.78476547408148,121.06209243818816,8.40026652452441,,,3,concrete,residential,C,False,moment_frame,shallow,SAFE,SAFE
14.81146069806138,121.0219332943459,12.901897264343555,,1982.0,1,concrete,residential,D,True,moment_frame,deep,SAFE,SAFE
14.797039600279826,121.1042195975634,3.948615053187926,,1955.0,1,concrete,mixed,C,False,moment_frame,mat,RESTRICTED,RESTRICTED
14.806904383457894,121.11464443372803,2.998266197446639,,,1,concrete,commercial,D,False,moment_frame,unknown,RESTRICTED,RESTRICTED
14.8379356801929,121.09118416462101,6.175756849812586,,2004.0,2,concrete,mixed,F,False,moment_frame,deep,UNSAFE,UNSAFE
14.830809947997023,121.07226133060222,8.13032769429246,,2017.0,7,concrete,commercial,E,False,braced_frame,shallow,RESTRICTED,RESTRICTED
14.807396002458974,121.06204580631766,8.56041436814109,,1968.0,3,mixed,residential,E,False,braced_frame,shallow,UNSAFE,UNSAFE
14.779725426182324,121.07501629712573,6.939278499835191,,2001.0,1,concrete,residential,E,False,shear_wall,shallow,RESTRICTED,RESTRICTED
14.832810946707298,121.02876722065943,12.676910694727802,,1967.0,2,concrete,institutional,C,False,moment_frame,deep,SAFE,SAFE
14.832362081193274,121.10362503326027,4.781120071661082,,1993.0,1,concrete,residential,B,False,unknown,unknown,SAFE,SAFE
14.843655895375878,121.04285282225082,11.41607933596845,,,3,concrete,residential,C,False,shear_wall,mat,SAFE,SAFE
14.780073897037996,121.10526233885095,3.738532495875408,,1992.0,4,mixed,residential,E,False,moment_frame,mat,UNSAFE,UNSAFE
14.833521123850431,121.05423309813729,10.09161833464133,,1979.0,2,wood,residential,E,False,unknown,mat,UNSAFE,UNSAFE
14.836133299452067,121.08856319807349,6.431128307485934,,2005.0,3,mixed,residential,C,False,moment_frame,mat,SAFE,SAFE
14.827182798389474,121.14311297604542,0.5067384319773663,,1964.0,1,mixed,residential,A,False,moment_frame,shallow,RESTRICTED,RESTRICTED
14.828693747403538,121.05046044827786,10.316493794363463,,2023.0,3,concrete,residential,E,False,unknown,shallow,RESTRICTED,RESTRICTED
14.863057856029016,121.05914184604092,10.16737173739084,,2011.0,4,mixed,institutional,E,False,shear_wall,mat,RESTRICTED,RESTRICTED
14.834568870605072,121.06965563881397,8.445797063398215,,1981.0,3,concrete,residential,A,False,unknown,shallow,SAFE,SAFE
14.806602661788796,121.01967264456886,13.09388452504011,,2019.0,1,mixed,residential,F,False,moment_frame,deep,RESTRICTED,RESTRICTED
14.827199160804646,121.13278110086965,1.6108724516530013,,1955.0,1,mixed,residential,D,False,shear_wall,deep,RESTRICTED,RESTRICTED
14.79897369047189,121.12997646094138,1.1885020035725729,,1986.0,7,mixed,commercial,A,False,shear_wall,shallow,RESTRICTED,RESTRICTED
14.815399515903744,121.08889106853587,5.925828074786897,,2022.0,4,concrete,residential,C,True,unknown,mat,SAFE,SAFE
14.800139471684352,121.100529350173,4.360432752172366,,2021.0,2,mixed,residential,E,False,shear_wall,deep,RESTRICTED,RESTRICTED
14.85683904379406,121.04901294339719,11.058297704986199,,1965.0,4,concrete,residential,E,False,unknown,unknown,UNSAFE,UNSAFE
14.812129017159812,121.08040132625914,6.70538686130462,,1955.0,3,mixed,mixed,A,False,moment_frame,shallow,RESTRICTED,RESTRICTED
14.830589190348324,121.04848466783831,10.586806751397935,,1959.0,7,wood,institutional,E,False,wood_frame,unknown,UNSAFE,UNSAFE
14.792661707740082,121.055003110003,9.219325102282955,,1990.0,4,concrete,industrial,E,False,shear_wall,shallow,RESTRICTED,RESTRICTED
14.807574925026682,121.09438968004174,5.125376839089247,,2023.0,7,concrete,commercial,C,False,unknown,shallow,RESTRICTED,RESTRICTED
14.847370587303395,121.04564730811838,11.181126934955287,,2007.0,8,concrete,mixed,B,False,moment_frame,shallow,SAFE,SAFE
14.84328197008543,121.03495525611757,12.254265312869824,,1989.0,2,wood,residential,E,False,wood_frame,shallow,UNSAFE,UNSAFE
14.80562276290419,121.03195123238493,11.76755046842608,,1990.0,4,concrete,residential,E,False,moment_frame,mat,RESTRICTED,RESTRICTED
14.808831097669952,121.0370311300731,11.254211860884812,,2005.0,4,concrete,residential,D,False,unknown,deep,SAFE,SAFE
14.844889391253579,121.03491123416562,12.281503749793927,,1963.0,3,concrete,residential,E,True,unknown,mat,RESTRICTED,RESTRICTED
14.854112381165589,121.05252181108098,10.615199723918282,,1986.0,4,mixed,residential,E,False,shear_wall,shallow,RESTRICTED,RESTRICTED
14.778357113662588,121.10467867257391,3.7630418900707547,,2007.0,3,concrete,residential,D,True,unknown,shallow,SAFE,SAFE
14.821510930402235,121.07281824337814,7.782086580939339,,1973.0,2,wood,residential,D,False,wood_frame,shallow,UNSAFE,UNSAFE
14.834640920509491,121.08307787552074,7.004609346238166,,,1,concrete,residential,E,False,braced_frame,shallow,RESTRICTED,RESTRICTED
14.838725643926564,121.02922866829114,12.81886847357513,,1979.0,1,concrete,residential,A,False,shear_wall,shallow,SAFE,SAFE
14.809024805886532,121.07782565593797,6.906613110985121,,2019.0,2,concrete,mixed,D,False,moment_frame,shallow,SAFE,SAFE
14.84456852592415,121.06350304779649,9.234424884557772,,2019.0,4,concrete,mixed,B,True,shear_wall,deep,SAFE,SAFE
14.79890803055986,121.07191146955634,7.430332986132305,,2000.0,4,concrete,industrial,C,False,braced_frame,shallow,SAFE,SAFE
14.782441870039426,121.02934765416737,11.624414268799098,,2018.0,4,mixed,commercial,E,False,shear_wall,shallow,RESTRICTED,RESTRICTED
14.774013085328695,121.08746926114645,5.484857190697549,,2019.0,2,mixed,commercial,D,False,unknown,deep,RESTRICTED,RESTRICTED
14.843310192452908,121.07452058812257,8.042651212620953,,1997.0,1,mixed,residential,C,False,moment_frame,shallow,SAFE,SAFE
14.851755642295883,121.03608844707729,12.281753943046379,,2007.0,2,concrete,industrial,D,False,moment_frame,shallow,SAFE,SAFE
14.820213085929833,121.12587905239859,2.266618958054402,,,1,concrete,institutional,D,False,moment_frame,shallow,RESTRICTED,RESTRICTED
14.839701172075737,121.06896592299248,8.572200329674352,,1964.0,4,concrete,residential,D,False,moment_frame,mat,RESTRICTED,RESTRICTED
14.841125261176295,121.05077180964444,10.535421181486937,,1973.0,1,concrete,residential,C,False,unknown,shallow,SAFE,SAFE
14.840923092111513,121.08353096461585,7.041282049053929,,2015.0,7,concrete,institutional,E,False,unknown,shallow,UNSAFE,UNSAFE
14.803451230036513,121.07828648538447,6.775540506998375,,1974.0,5,wood,institutional,B,False,wood_frame,deep,UNSAFE,UNSAFE
14.787817604677906,121.04569147013687,10.198074479887056,,,1,concrete,residential,D,False,braced_frame,shallow,RESTRICTED,RESTRICTED
14.78467294769267,121.02800491513422,11.85573389826234,,1959.0,3,concrete,mixed,E,False,shear_wall,shallow,UNSAFE,UNSAFE
14.848061652453461,121.03987025059295,11.806924121692736,,2016.0,3,wood,residential,E,False,wood_frame,unknown,UNSAFE,UNSAFE
14.86445535824863,121.06950035678246,9.050729246124002,,1957.0,4,wood,residential,A,False,unknown,deep,RESTRICTED,RESTRICTED
14.831443821811785,121.03480683847428,12.011500770900803,,2013.0,1,concrete,residential,C,False,unknown,mat,SAFE,SAFE
14.805902613526309,121.07616870519159,7.031135805376495,,,1,concrete,residential,E,False,unknown,unknown,UNSAFE,UNSAFE
14.831692161832583,121.04590506606831,10.889434127099188,,1988.0,1,wood,institutional,C,False,unknown,shallow,UNSAFE,UNSAFE
14.83940007101414,121.05497170146037,10.065087197731495,,1966.0,2,wood,residential,D,False,wood_frame,shallow,UNSAFE,UNSAFE
14.821385865311704,121.09179515855331,5.884276731973919,,2025.0,6,concrete,mixed,E,True,shear_wall,shallow,SAFE,SAFE
14.815043558222266,121.0964605836807,5.145656415911859,,2016.0,2,concrete,mixed,C,False,moment_frame,shallow,SAFE,SAFE
14.808424957078547,121.05113464363163,9.740310636844223,,1984.0,3,concrete,residential,E,False,braced_frame,unknown,RESTRICTED,RESTRICTED
14.805162833030424,121.09110504896141,5.426628513707313,,2015.0,3,concrete,commercial,C,False,shear_wall,shallow,SAFE,SAFE
14.818544784245704,121.05253038957719,9.788730981035059,,,3,concrete,residential,C,False,unknown,shallow,SAFE,SAFE
14.822678143935278,121.05837951207985,9.299948336643597,,1983.0,3,concrete,residential,F,False,braced_frame,shallow,UNSAFE,UNSAFE
14.773872035357233,121.10643118775296,3.5063726778094644,,1992.0,1,concrete,residential,D,False,shear_wall,mat,SAFE,SAFE
14.830733405716238,121.13535745356076,1.3605278837159946,,1984.0,4,wood,residential,D,False,braced_frame,shallow,UNSAFE,UNSAFE
14.814053715855442,121.07898704696724,6.905000286669683,,2022.0,1,mixed,residential,C,True,shear_wall,shallow,SAFE,SAFE
14.82480243421362,121.04515891693165,10.731731932808207,,2002.0,2,concrete,residential,B,False,shear_wall,mat,SAFE,SAFE
14.833990594382188,121.0425443408584,11.316532225230866,,1976.0,1,mixed,residential,C,False,shear_wall,shallow,SAFE,SAFE
14.8088246003661,121.04407107526983,10.5007870800185,,2006.0,6,wood,commercial,D,False,unknown,deep,UNSAFE,UNSAFE
14.79879547838946,121.13081261347091,1.0971420594122876,,2018.0,1,mixed,residential,D,False,shear_wall,shallow,RESTRICTED,RESTRICTED
14.79334759466541,121.06403838749745,8.247120759256303,,,4,concrete,residential,D,False,shear_wall,mat,SAFE,SAFE
14.787524675101224,121.09764581586481,4.634295260400924,,2019.0,2,concrete,residential,D,False,shear_wall,shallow,SAFE,SAFE
14.828114668644593,121.03190107935283,12.204859938580434,,1991.0,1,wood,residential,D,False,wood_frame,mat,UNSAFE,UNSAFE
14.850930604777716,121.03278304141983,12.613813662068218,,1981.0,4,mixed,residential,C,False,shear_wall,unknown,SAFE,SAFE
14.806720607881699,121.02245395371092,12.796212662734819,,1953.0,2,wood,commercial,C,False,wood_frame,mat,UNSAFE,UNSAFE
14.860364502383888,121.05959932361186,10.088295568809363,,1952.0,1,wood,residential,B,False,unknown,shallow,RESTRICTED,RESTRICTED
14.846403801423644,121.09318137145061,6.170722619558283,,1987.0,1,concrete,residential,F,False,moment_frame,shallow,UNSAFE,UNSAFE
14.815776606513808,121.08279551570045,6.563034981084499,,1988.0,4,concrete,residential,C,False,moment_frame,deep,SAFE,SAFE
14.824702608102857,121.06937002488779,8.251601329763009,,2004.0,3,concrete,residential,D,False,shear_wall,shallow,SAFE,SAFE
14.79886294458255,121.03359079817075,11.545445146639118,,1956.0,2,wood,residential,F,False,wood_frame,unknown,UNSAFE,UNSAFE
14.825151302544775,121.13159103672005,1.7130282660158613,,2016.0,8,wood,mixed,E,True,wood_frame,deep,UNSAFE,UNSAFE
14.807446248518254,121.0642114157624,8.32972012203127,,2023.0,4,concrete,residential,D,False,shear_wall,mat,SAFE,SAFE
14.829445516314282,121.07388357886649,7.941270571743929,,,1,concrete,residential,E,False,unknown,shallow,UNSAFE,UNSAFE
14.799664283229287,121.06856898673138,7.79637139416526,,1963.0,1,wood,residential,F,True,wood_frame,shallow,UNSAFE,UNSAFE
14.823054379309646,121.07647634416675,7.471943242870126,,2026.0,3,concrete,residential,C,False,unknown,deep,SAFE,SAFE
14.831954758790788,121.07790651937454,7.539823473961544,,2014.0,3,concrete,residential,F,False,unknown,deep,RESTRICTED,RESTRICTED
14.79882667636312,121.09019898576915,5.466641223739112,,1963.0,2,mixed,commercial,A,False,moment_frame,shallow,RESTRICTED,RESTRICTED
14.80449870963292,121.06249304230822,8.47955349151738,,1999.0,2,concrete,industrial,C,False,moment_frame,shallow,SAFE,SAFE
14.783670520645465,121.0291544046933,11.69765071290922,,1952.0,2,mixed,residential,B,False,unknown,shallow,RESTRICTED,RESTRICTED
14.805528105735547,121.11260010739123,3.1653351362908166,,1997.0,1,concrete,residential,F,False,moment_frame,shallow,UNSAFE,UNSAFE
14.822538715175988,121.04507403353557,10.674715083643397,,1996.0,1,concrete,commercial,E,False,moment_frame,shallow,RESTRICTED,RESTRICTED
14.792623874674446,121.11690543830586,2.554567403611066,,2004.0,3,concrete,commercial,E,False,shear_wall,shallow,RESTRICTED,RESTRICTED
14.8329538064236,121.09590771833723,5.614226774912377,,2008.0,3,concrete,residential,E,False,braced_frame,shallow,RESTRICTED,RESTRICTED
14.857939455543892,121.0687007998405,9.075477974996163,,1974.0,3,concrete,residential,C,False,moment_frame,deep,SAFE,SAFE
14.769996408031876,121.09129690180333,4.922997835242463,,1997.0,1,mixed,residential,C,False,shear_wall,shallow,SAFE,SAFE
14.813040941488195,121.08250048087262,6.510712375207722,,1976.0,8,concrete,commercial,C,False,unknown,shallow,RESTRICTED,RESTRICTED
14.85351600137867,121.06049945883382,9.76860867599968,,2017.0,4,mixed,residential,E,False,wood_frame,unknown,UNSAFE,UNSAFE
14.82277445682751,121.06612175681909,8.509313994235763,,2006.0,2,mixed,residential,D,False,shear_wall,shallow,SAFE,SAFE
14.783134031280467,121.05248325796235,9.338417326852758,,1990.0,3,wood,commercial,C,False,unknown,deep,RESTRICTED,RESTRICTED
14.816062613176463,121.11947707436224,2.86383877493882,,2025.0,4,concrete,residential,B,False,braced_frame,deep,SAFE,SAFE
14.825635577741519,121.0414984426078,11.135997024567596,,1953.0,3,mixed,residential,E,False,wood_frame,shallow,UNSAFE,UNSAFE
14.804094077682326,121.13318471212338,1.0564893615383075,,1998.0,3,concrete,residential,C,False,braced_frame,shallow,SAFE,SAFE
14.846871456478704,121.03001298129271,12.834215759195125,,1954.0,1,concrete,residential,A,False,shear_wall,shallow,SAFE,SAFE
14.822707303507148,121.08055480370847,7.050092943043972,,1994.0,2,concrete,residential,E,False,shear_wall,deep,RESTRICTED,RESTRICTED
14.826903588120993,121.14699290715802,0.08931798983556818,,2009.0,3,mixed,residential,C,False,unknown,shallow,RESTRICTED,RESTRICTED
14.80365507503183,121.07301528042976,7.342868273684154,,1996.0,4,concrete,residential,B,False,braced_frame,shallow,SAFE,SAFE
14.778999440390502,121.07203804334407,7.2229666074453664,,2000.0,6,concrete,commercial,D,False,shear_wall,deep,SAFE,SAFE
14.797168602780454,121.0543494579827,9.303601857560286,,1970.0,3,concrete,residential,D,False,shear_wall,mat,SAFE,SAFE
14.812836930082073,121.08569238914194,6.172791767731198,,1965.0,7,wood,commercial,E,False,wood_frame,shallow,UNSAFE,UNSAFE
14.783408766345516,121.10822025084346,3.4622796686825734,,1987.0,1,concrete,residential,E,False,braced_frame,mat,RESTRICTED,RESTRICTED
14.804316547179146,121.10532628094215,3.900436922908637,,2010.0,5,concrete,commercial,A,False,moment_frame,shallow,SAFE,SAFE
14.818577362086256,121.07789447477889,7.160077083149965,,1973.0,2,concrete,residential,C,False,braced_frame,unknown,RESTRICTED,RESTRICTED
14.781079471695573,121.04504580957172,10.00187912652165,,1963.0,3,wood,residential,F,False,wood_frame,shallow,UNSAFE,UNSAFE
14.801122404205394,121.0416132944299,10.701362675252321,,2012.0,2,concrete,residential,B,False,moment_frame,mat,SAFE,SAFE
14.846676110912224,121.07036172701451,8.555592929809256,,2025.0,1,concrete,residential,C,False,shear_wall,shallow,SAFE,SAFE
14.80944123182176,121.10079914039338,4.505223030556037,,2025.0,5,concrete,mixed,D,False,shear_wall,shallow,SAFE,SAFE
14.796969488877652,121.1103008677366,3.2980023999516104,,1996.0,3,concrete,residential,B,False,moment_frame,shallow,SAFE,SAFE
14.806325500500968,121.09193158002132,5.359166302310505,,1983.0,4,concrete,residential,D,False,braced_frame,mat,RESTRICTED,RESTRICTED
14.79542915023239,121.04173135654321,10.65345232843269,,2012.0,4,wood,mixed,D,False,wood_frame,unknown,UNSAFE,UNSAFE
14.845384354753785,121.03344244141394,12.44556175334426,,1996.0,4,mixed,commercial,C,False,braced_frame,shallow,RESTRICTED,RESTRICTED
14.820659366162982,121.08904074484919,6.120543055525588,,2016.0,5,concrete,industrial,E,False,moment_frame,shallow,RESTRICTED,RESTRICTED
14.814724693400462,121.1101735788259,3.785829322908869,,1956.0,2,mixed,institutional,E,False,braced_frame,shallow,UNSAFE,UNSAFE
14.805258087783475,121.0771876678733,6.913672736570417,,1958.0,1,wood,commercial,A,False,wood_frame,shallow,UNSAFE,UNSAFE
14.8057643011426,121.06459994731142,8.26687889313652,,1963.0,4,concrete,mixed,D,False,shear_wall,mat,RESTRICTED,RESTRICTED
14.811111834186365,121.12013589650712,2.656774976710028,,,2,concrete,residential,D,False,unknown,deep,RESTRICTED,RESTRICTED
14.827394532285316,121.14016032603496,0.8243856608656647,,1975.0,3,mixed,mixed,F,False,shear_wall,shallow,UNSAFE,UNSAFE
14.817940823607472,121.0456270754977,10.498848918330467,,1986.0,4,concrete,residential,C,False,shear_wall,deep,SAFE,SAFE
14.823116657467653,121.04249624062346,10.959392063849005,,2026.0,4,concrete,residential,E,False,moment_frame,mat,SAFE,SAFE
14.820044241542817,121.13773908017303,1.006761138870283,,1959.0,2,mixed,institutional,E,True,braced_frame,shallow,UNSAFE,UNSAFE
14.787179412711712,121.09970442598967,4.410141995704717,,,1,concrete,residential,E,True,moment_frame,shallow,RESTRICTED,RESTRICTED
14.827940192601346,121.12288617029333,2.6791853576322286,,,2,mixed,commercial,D,False,moment_frame,unknown,UNSAFE,UNSAFE
14.776273047373438,121.06278116029117,8.026768690688922,,2002.0,1,concrete,residential,F,False,braced_frame,shallow,UNSAFE,UNSAFE
14.810305155061954,121.0465863399803,10.252203331173147,,1991.0,2,concrete,institutional,D,True,shear_wall,shallow,SAFE,SAFE
14.820363510357096,121.11892809052173,3.005649606846486,,,2,concrete,residential,C,False,moment_frame,unknown,RESTRICTED,RESTRICTED
14.798828496464969,121.04086105277486,10.763791378613671,,1968.0,4,concrete,residential,B,False,shear_wall,shallow,SAFE,SAFE
14.833336572817853,121.10331621785309,4.821332684659498,,1983.0,2,concrete,residential,A,False,shear_wall,shallow,SAFE,SAFE
14.78980372057105,121.07431386885855,7.1459394017864915,,1965.0,4,wood,institutional,D,True,unknown,shallow,UNSAFE,UNSAFE
14.783945943838392,121.11243984484047,3.0141329195380906,,1971.0,2,concrete,residential,C,False,shear_wall,shallow,SAFE,SAFE
14.816166222244279,121.03083700970633,12.025999351973391,,1992.0,1,mixed,residential,B,False,shear_wall,shallow,SAFE,SAFE
14.817199664660475,121.08557184984397,6.3285867303400805,,2026.0,1,concrete,institutional,C,False,moment_frame,deep,SAFE,SAFE
14.814235490653742,121.08115455697539,6.684830934799199,,2014.0,3,concrete,residential,E,False,shear_wall,unknown,RESTRICTED,RESTRICTED
14.773945197469073,121.07258863115354,6.94945803374647,,1995.0,3,mixed,mixed,E,False,shear_wall,deep,RESTRICTED,RESTRICTED
14.789737292442421,121.09531847599655,4.887529528605478,,2008.0,4,concrete,residential,D,False,braced_frame,shallow,RESTRICTED,RESTRICTED
14.772377935187759,121.1012471961108,4.042412659606995,,2015.0,7,concrete,institutional,D,False,shear_wall,mat,RESTRICTED,RESTRICTED
14.814001718094119,121.13565538413849,1.1169238118214293,,1971.0,3,concrete,institutional,B,False,shear_wall,deep,SAFE,SAFE
14.82991470266659,121.07343889644437,7.994093371102461,,1962.0,8,wood,commercial,C,False,braced_frame,shallow,UNSAFE,UNSAFE
14.829241307573431,121.130274491602,1.904247595233087,,2024.0,1,concrete,residential,D,False,shear_wall,shallow,SAFE,SAFE
14.83232482903044,121.0627510016327,9.165880004543034,,1988.0,2,wood,residential,A,False,unknown,shallow,SAFE,SAFE
14.809054680806328,121.06583652058393,8.180813787465825,,2009.0,1,concrete,residential,E,False,unknown,shallow,RESTRICTED,RESTRICTED
14.816961463183334,121.1244183073839,2.367811349519939,,1975.0,2,wood,residential,C,True,unknown,shallow,RESTRICTED,RESTRICTED
14.812448233196863,121.11438716609575,3.267005615087931,,2015.0,4,concrete,industrial,E,False,unknown,deep,RESTRICTED,RESTRICTED
14.840426996316767,121.0452009890037,11.122973980371437,,1990.0,3,wood,mixed,F,False,braced_frame,deep,UNSAFE,UNSAFE
14.786857617468097,121.03400274070403,11.33945955195998,,1981.0,3,concrete,residential,F,False,shear_wall,unknown,UNSAFE,UNSAFE
14.840629462415603,121.09981534977167,5.3155312680607585,,1953.0,3,concrete,residential,F,False,shear_wall,shallow,UNSAFE,UNSAFE
14.786767781694635,121.03709214095446,11.02547527056153,,1972.0,7,mixed,commercial,E,False,moment_frame,shallow,UNSAFE,UNSAFE
14.819277135025066,121.05526989732917,9.521777486305037,,1970.0,2,mixed,institutional,C,False,moment_frame,shallow,RESTRICTED,RESTRICTED
14.784564088348514,121.11061429002721,3.21667209822633,,2013.0,1,concrete,residential,D,False,moment_frame,shallow,SAFE,SAFE
14.814280409001913,121.06407994716912,8.471521014690806,,,8,concrete,commercial,D,False,shear_wall,shallow,RESTRICTED,RESTRICTED
14.794192611581087,121.03616309571665,11.249484637167157,,1977.0,5,concrete,commercial,C,False,unknown,mat,RESTRICTED,RESTRICTED
14.836489738790387,121.08964673011708,6.319498318314692,,2006.0,3,concrete,residential,B,False,braced_frame,shallow,SAFE,SAFE
14.814546793208201,121.02587377936251,12.525788954135972,,,4,mixed,residential,F,False,braced_frame,mat,UNSAFE,UNSAFE
14.811324275115416,121.12481001185775,2.1839014443254166,,1950.0,4,wood,residential,E,False,wood_frame,shallow,UNSAFE,UNSAFE
14.790990265807377,121.12553814870321,1.632459425680867,,2008.0,2,concrete,residential,E,False,unknown,mat,RESTRICTED,RESTRICTED
14.784679240480079,121.06449525837327,8.143954209791056,,1981.0,1,concrete,residential,A,False,moment_frame,deep,SAFE,SAFE
14.805818513462738,121.07865890647108,6.76399611424571,,1997.0,2,concrete,residential,C,False,moment_frame,shallow,SAFE,SAFE
14.841071536463396,121.04857772197462,10.769354489982703,,2007.0,3,concrete,residential,E,False,unknown,shallow,RESTRICTED,RESTRICTED
14.794131324439055,121.05825963655181,8.870697363146247,,1999.0,3,mixed,residential,E,False,moment_frame,shallow,UNSAFE,UNSAFE
14.810401209480464,121.03396757676771,11.601431437351478,,2000.0,1,concrete,residential,D,False,shear_wall,shallow,SAFE,SAFE
14.803585344651541,121.05681475889034,9.08145602432312,,2013.0,8,concrete,mixed,C,False,unknown,deep,SAFE,SAFE
14.842186277473388,121.04792316014418,10.853956741532123,,1977.0,1,mixed,residential,A,False,shear_wall,shallow,SAFE,SAFE
14.81619406929835,121.14006988744535,0.6848861353378017,,1985.0,2,mixed,residential,C,False,shear_wall,shallow,RESTRICTED,RESTRICTED
14.812567983349695,121.12167365043881,2.543895126492854,,2001.0,3,concrete,residential,B,False,shear_wall,unknown,SAFE,SAFE
14.815839568032379,121.0799489618042,6.858354126721566,,1997.0,3,concrete,residential,D,False,shear_wall,deep,SAFE,SAFE
14.82307722541064,121.07067618178475,8.057519489874485,,1960.0,5,mixed,mixed,D,False,unknown,mat,UNSAFE,UNSAFE
14.789463858973777,121.03101555775136,11.743542963861952,,1978.0,1,concrete,residential,D,False,moment_frame,shallow,SAFE,SAFE
14.793668835166029,121.06991926362176,7.614562956313701,,1983.0,4,wood,residential,F,False,wood_frame,deep,UNSAFE,UNSAFE
14.821982987326342,121.06234832817067,8.86892396844324,,2024.0,3,concrete,residential,E,False,shear_wall,mat,SAFE,SAFE
14.784036784209697,121.05592981306343,9.03481380177024,,1972.0,1,mixed,residential,B,False,shear_wall,shallow,SAFE,SAFE
